,past_3_years_bike_related_purchases,owns_car,tenure,property_valuation,Unnamed: 16,Unnamed: 17,Unnamed: 18,Unnamed: 19,Unnamed: 20,Rank,Value,age,Affluent Customer,High Net Worth,Mass Customer,Female,Male,NSW,QLD,VIC
0,86,1,14,6,1.1,1.375,1.71875,1.4609375,1,1,1.71875,64.0,0,0,1,0,1,0,1,0
1,69,0,16,11,0.99,0.99,1.2375,1.0518750000000001,1,1,1.71875,51.0,0,0,1,0,1,1,0,0
2,10,0,10,5,0.64,0.64,0.64,0.64,1,1,1.71875,47.0,1,0,0,1,0,0,0,1
3,64,1,5,1,0.95,1.1875,1.1875,1.1875,4,4,1.703125,42.0,1,0,0,1,0,0,1,0
4,34,0,19,9,0.76,0.76,0.95,0.95,4,4,1.703125,56.0,1,0,0,1,0,1,0,0
5,39,1,22,7,0.41,0.5125,0.5125,0.5125,6,6,1.671875,70.0,0,1,0,1,0,0,1,0
6,23,0,8,7,0.43,0.43,0.43,0.3655,6,6,1.671875,45.0,0,0,1,0,1,1,0,0
7,74,1,10,5,0.72,0.8999999999999999,0.8999999999999999,0.7649999999999999,8,8,1.65625,49.0,0,0,1,1,0,0,1,0
8,50,1,5,10,0.87,1.0875,1.359375,1.15546875,8,8,1.65625,49.0,0,0,1,0,1,1,0,0
9,72,1,17,5,0.69,0.8624999999999999,0.8624999999999999,0.7331249999999999,10,10,1.640625,36.0,0,0,1,0,1,0,1,0
10,94,0,3,6,0.85,0.85,1.0625,1.0625,10,10,1.640625,26.0,0,1,0,0,1,0,1,0
11,48,0,10,8,0.61,0.61,0.61,0.5185,12,12,1.625,22.0,0,0,1,0,1,0,0,1
12,60,0,9,11,0.93,0.93,1.1625,0.988125,13,13,1.609375,31.0,0,0,1,0,1,1,0,0
13,38,0,4,10,0.86,0.86,1.075,0.91375,14,14,1.59375,45.0,0,0,1,1,0,1,0,0
14,32,0,10,8,0.95,0.95,0.95,0.8075,14,14,1.59375,57.0,0,0,1,1,0,0,1,0
15,88,1,5,8,0.78,0.9750000000000001,1.21875,1.21875,16,16,1.5625,67.0,1,0,0,0,1,1,0,0
16,61,1,4,6,0.53,0.6625000000000001,0.6625000000000001,0.5631250000000001,17,17,1.546875,28.0,0,0,1,1,0,0,1,0
17,83,0,14,10,1.07,1.07,1.3375000000000001,1.136875,17,17,1.546875,45.0,0,0,1,1,0,0,0,1
18,65,1,11,11,0.61,0.7625,0.953125,0.953125,19,19,1.53125,83.0,1,0,0,1,0,1,0,0
19,2,0,12,10,0.95,0.95,1.1875,1.1875,19,19,1.53125,67.0,0,1,0,1,0,1,0,0
20,11,1,13,9,1.1,1.375,1.71875,1.4609375,21,21,1.515625,53.0,0,0,1,0,1,1,0,0
21,44,1,8,7,0.49,0.6125,0.6125,0.520625,21,21,1.515625,28.0,0,0,1,0,1,1,0,0
22,26,0,3,4,0.7,0.7,0.7,0.595,23,23,1.5,23.0,0,0,1,0,1,0,1,0
23,5,1,13,8,0.93,1.1625,1.1625,1.1625,23,23,1.5,44.0,1,0,0,1,0,1,0,0
24,78,0,4,5,0.86,0.86,0.86,0.731,25,25,1.484375,39.0,0,0,1,1,0,0,1,0
25,11,0,17,4,0.99,0.99,0.99,0.8415,26,26,1.46875,76.0,0,0,1,0,1,0,1,0
26,19,1,7,2,0.88,1.1,1.1,0.935,26,26,1.46875,69.0,0,0,1,1,0,1,0,0
27,71,1,5,11,0.54,0.675,0.84375,0.84375,26,26,1.46875,55.0,0,1,0,1,0,0,1,0
28,84,0,11,7,0.69,0.69,0.8624999999999999,0.8624999999999999,26,26,1.46875,61.0,0,1,0,1,0,0,1,0
29,45,0,8,10,0.48,0.48,0.6,0.6,30,30,1.4609375,61.0,0,1,0,1,0,0,0,1
30,62,1,17,8,0.8,1.0,1.0,1.0,30,30,1.4609375,41.0,0,1,0,1,0,1,0,0
31,70,1,12,2,0.93,1.1625,1.1625,0.988125,32,32,1.453125,70.0,0,0,1,0,1,1,0,0
32,88,1,7,7,1.07,1.3375000000000001,1.6718750000000002,1.42109375,32,32,1.453125,34.0,0,0,1,1,0,1,0,0
33,71,0,9,9,0.58,0.58,0.725,0.61625,32,32,1.453125,40.0,0,0,1,0,1,0,1,0
34,27,0,20,9,0.59,0.59,0.7374999999999999,0.7374999999999999,32,32,1.453125,44.0,1,0,0,1,0,0,0,1
35,48,1,13,1,1.01,1.2625,1.2625,1.2625,36,36,1.44765625,46.0,1,0,0,1,0,0,1,0
36,76,0,13,10,0.69,0.69,0.8624999999999999,0.8624999999999999,36,36,1.44765625,53.0,0,1,0,0,1,1,0,0
37,58,0,15,8,0.68,0.68,0.68,0.5780000000000001,38,38,1.4375,42.0,0,0,1,0,1,0,0,1
38,44,1,13,2,0.77,0.9625,0.9625,0.818125,38,38,1.4375,66.0,0,0,1,0,1,0,0,1
39,64,1,8,9,0.43,0.5375,0.671875,0.671875,40,40,1.434375,28.0,1,0,0,0,1,1,0,0
40,73,0,10,8,0.7,0.7,0.7,0.7,40,40,1.434375,68.0,0,1,0,1,0,1,0,0
41,24,0,3,10,0.5,0.5,0.625,0.53125,42,42,1.421875,36.0,0,0,1,1,0,0,0,1
42,79,0,8,10,0.43,0.43,0.5375,0.456875,42,42,1.421875,75.0,0,0,1,1,0,1,0,0
43,52,0,9,8,0.76,0.76,0.76,0.76,44,44,1.42109375,55.0,1,0,0,1,0,1,0,0
44,76,0,6,5,0.44,0.44,0.44,0.44,44,44,1.42109375,60.0,0,1,0,0,1,0,0,1
45,29,1,5,12,0.99,1.2375,1.546875,1.546875,46,46,1.4078125,65.0,0,1,0,1,0,1,0,0
46,14,1,19,1,1.1,1.375,1.375,1.375,46,46,1.4078125,65.0,1,0,0,1,0,0,1,0
47,85,1,14,4,0.6,0.75,0.9375,0.9375,46,46,1.4078125,27.0,0,1,0,1,0,0,1,0
48,59,1,17,7,0.71,0.8875,0.8875,0.7543749999999999,46,46,1.4078125,44.0,0,0,1,1,0,0,0,1
49,12,0,20,12,0.45,0.45,0.5625,0.47812499999999997,50,50,1.40625,71.0,0,0,1,0,1,1,0,0
50,60,0,10,8,0.5,0.5,0.5,0.5,50,50,1.40625,43.0,1,0,0,0,1,0,0,1
51,62,1,5,8,0.54,0.675,0.675,0.675,52,52,1.39453125,22.0,1,0,0,0,1,0,1,0
52,55,1,11,7,0.52,0.65,0.65,0.65,52,52,1.39453125,28.0,0,1,0,0,1,0,0,1
53,97,0,8,10,0.73,0.73,0.9125,0.775625,54,54,1.38125,40.0,0,0,1,1,0,1,0,0
54,87,0,16,10,0.83,0.83,1.0374999999999999,0.8818749999999999,54,54,1.38125,26.0,0,0,1,1,0,0,0,1
55,52,0,9,10,0.48,0.48,0.6,0.51,54,54,1.38125,40.0,0,0,1,1,0,1,0,0
56,75,0,12,8,0.94,0.94,0.94,0.7989999999999999,57,57,1.375,42.0,0,0,1,0,1,1,0,0
57,51,0,14,9,0.99,0.99,1.2375,1.0518750000000001,57,57,1.375,49.0,0,0,1,1,0,0,0,1
58,64,1,8,5,0.51,0.6375,0.6375,0.541875,57,57,1.375,55.0,0,0,1,0,1,0,0,1
59,5,0,4,5,1.09,1.09,1.09,0.9265,57,57,1.375,47.0,0,0,1,0,1,0,0,1
60,47,1,17,7,0.98,1.225,1.225,1.225,57,57,1.375,38.0,0,1,0,0,1,1,0,0
61,31,1,9,9,0.67,0.8375,1.046875,0.8898437499999999,62,62,1.36796875,50.0,0,0,1,0,1,1,0,0
62,59,0,11,10,0.4,0.4,0.5,0.5,62,62,1.36796875,79.0,0,1,0,0,1,1,0,0
63,70,1,17,6,1.03,1.2875,1.2875,1.2875,62,62,1.36796875,54.0,0,1,0,1,0,0,1,0
64,22,1,7,7,0.95,1.1875,1.1875,1.1875,65,65,1.3625,22.0,0,1,0,1,0,0,1,0
65,58,0,12,8,0.91,0.91,0.91,0.91,65,65,1.3625,38.0,0,1,0,1,0,1,0,0
66,69,1,5,11,0.98,1.225,1.53125,1.53125,65,65,1.3625,25.0,1,0,0,1,0,0,1,0
67,54,1,16,7,0.59,0.7374999999999999,0.7374999999999999,0.7374999999999999,68,68,1.3546875,37.0,1,0,0,1,0,0,1,0
68,62,1,3,5,0.55,0.6875,0.6875,0.6875,68,68,1.3546875,22.0,0,1,0,0,1,0,1,0
69,82,1,6,7,0.61,0.7625,0.953125,0.953125,68,68,1.3546875,33.0,0,1,0,1,0,0,1,0
70,11,1,13,7,0.72,0.8999999999999999,0.8999999999999999,0.8999999999999999,68,68,1.3546875,25.0,0,1,0,1,0,1,0,0
71,78,0,9,10,0.79,0.79,0.9875,0.839375,72,72,1.35,27.0,0,0,1,1,0,1,0,0
72,73,0,15,9,0.75,0.75,0.9375,0.9375,72,72,1.35,22.0,0,1,0,1,0,0,1,0
73,5,0,15,9,1.04,1.04,1.3,1.3,72,72,1.35,53.0,0,1,0,0,1,1,0,0
74,76,1,19,9,0.5,0.625,0.78125,0.78125,72,72,1.35,63.0,1,0,0,1,0,1,0,0
75,98,1,10,12,0.95,1.1875,1.484375,1.484375,72,72,1.35,47.0,0,1,0,0,1,1,0,0
76,0,0,17,9,0.76,0.76,0.95,0.8075,77,77,1.34140625,60.0,0,0,1,0,1,1,0,0
77,36,1,13,7,0.74,0.925,0.925,0.925,78,78,1.3375,65.0,1,0,0,1,0,0,0,1
78,15,1,13,10,0.55,0.6875,0.859375,0.73046875,78,78,1.3375,49.0,0,0,1,1,0,1,0,0
79,15,0,6,6,0.57,0.57,0.57,0.57,78,78,1.3375,48.0,0,1,0,1,0,1,0,0
80,53,0,15,12,0.63,0.63,0.7875,0.6693749999999999,78,78,1.3375,26.0,0,0,1,0,1,1,0,0
81,34,0,9,8,0.73,0.73,0.73,0.6204999999999999,78,78,1.3375,56.0,0,0,1,1,0,1,0,0
82,14,0,5,9,0.43,0.43,0.5375,0.456875,78,78,1.3375,40.0,0,0,1,1,0,1,0,0
83,58,0,8,12,1.04,1.04,1.3,1.3,84,84,1.328125,46.0,0,1,0,0,1,0,0,1
84,48,1,16,10,0.55,0.6875,0.859375,0.859375,85,85,1.325,60.0,0,1,0,0,1,1,0,0
85,9,0,13,10,0.92,0.92,1.1500000000000001,1.1500000000000001,85,85,1.325,72.0,0,1,0,1,0,1,0,0
86,8,0,5,9,0.6,0.6,0.75,0.75,85,85,1.325,22.0,1,0,0,1,0,1,0,0
87,5,0,13,12,0.49,0.49,0.6125,0.6125,88,88,1.31484375,79.0,0,1,0,0,1,1,0,0
88,49,1,14,9,0.88,1.1,1.375,1.16875,89,89,1.3125,71.0,0,0,1,0,1,1,0,0
89,24,0,16,2,0.72,0.72,0.72,0.72,89,89,1.3125,50.0,1,0,0,0,1,0,1,0
90,93,0,15,10,0.71,0.71,0.8875,0.8875,89,89,1.3125,29.0,1,0,0,0,1,1,0,0
91,34,0,19,7,0.69,0.69,0.69,0.5864999999999999,89,89,1.3125,43.0,0,0,1,1,0,1,0,0
92,84,0,11,9,0.56,0.56,0.7000000000000001,0.5950000000000001,89,89,1.3125,44.0,0,0,1,1,0,1,0,0
93,94,1,14,8,0.62,0.775,0.96875,0.96875,89,89,1.3125,69.0,1,0,0,0,1,0,1,0
94,25,0,12,5,0.4,0.4,0.4,0.34,89,89,1.3125,43.0,0,0,1,0,1,0,1,0
95,91,1,8,12,0.84,1.05,1.3125,1.3125,96,96,1.3,22.0,0,1,0,0,1,1,0,0
96,18,1,15,4,0.68,0.8500000000000001,0.8500000000000001,0.7225,96,96,1.3,78.0,0,0,1,0,1,0,0,1
97,60,0,11,6,1.02,1.02,1.02,0.867,96,96,1.3,27.0,0,0,1,0,1,0,1,0
98,26,0,11,10,0.8,0.8,1.0,1.0,99,99,1.296875,49.0,0,1,0,0,1,1,0,0
99,30,1,14,8,0.98,1.225,1.225,1.225,99,99,1.296875,21.0,0,1,0,1,0,0,0,1
100,84,0,3,4,0.7,0.7,0.875,0.74375,99,99,1.296875,30.0,0,0,1,1,0,0,1,0
101,56,0,12,2,0.45,0.45,0.45,0.3825,102,102,1.28828125,27.0,0,0,1,1,0,0,1,0
102,19,0,9,2,0.7,0.7,0.7,0.595,102,102,1.28828125,81.0,0,0,1,0,1,1,0,0
103,64,0,8,2,0.96,0.96,0.96,0.96,104,104,1.2875,41.0,1,0,0,1,0,0,0,1
104,59,1,15,6,0.82,1.025,1.025,1.025,104,104,1.2875,60.0,0,1,0,1,0,0,0,1
105,50,1,16,3,0.85,1.0625,1.0625,0.903125,104,104,1.2875,75.0,0,0,1,0,1,0,1,0
106,21,0,18,9,0.61,0.61,0.7625,0.648125,104,104,1.2875,58.0,0,0,1,1,0,1,0,0
107,14,0,19,8,0.96,0.96,0.96,0.96,104,104,1.2875,49.0,0,1,0,0,1,0,0,1
108,95,0,5,1,0.74,0.74,0.925,0.78625,104,104,1.2875,60.0,0,0,1,1,0,1,0,0
109,1,1,16,8,0.9,1.125,1.125,0.9562499999999999,104,104,1.2875,52.0,0,0,1,1,0,0,1,0
110,95,1,7,7,0.96,1.2,1.5,1.275,111,111,1.28125,53.0,0,0,1,1,0,0,0,1
111,37,1,11,5,0.65,0.8125,0.8125,0.6906249999999999,111,111,1.28125,82.0,0,0,1,0,1,0,1,0
112,72,0,14,11,0.65,0.65,0.8125,0.8125,111,111,1.28125,60.0,0,1,0,0,1,1,0,0
113,0,0,5,2,0.91,0.91,0.91,0.7735,114,114,1.275,26.0,0,0,1,1,0,0,0,1
114,53,0,18,6,0.64,0.64,0.64,0.64,114,114,1.275,44.0,1,0,0,1,0,0,1,0
115,45,0,5,5,0.9,0.9,0.9,0.765,114,114,1.275,24.0,0,0,1,0,1,1,0,0
116,64,1,17,9,0.96,1.2,1.5,1.5,114,114,1.275,75.0,1,0,0,0,1,1,0,0
117,21,1,6,9,0.55,0.6875,0.859375,0.859375,114,114,1.275,43.0,0,1,0,1,0,0,0,1
118,37,1,4,7,0.42,0.525,0.525,0.44625,114,114,1.275,34.0,0,0,1,0,1,0,1,0
119,2,1,7,4,0.82,1.025,1.025,0.8712499999999999,120,120,1.2625,69.0,0,0,1,1,0,1,0,0
120,71,0,4,8,0.92,0.92,0.92,0.92,120,120,1.2625,40.0,1,0,0,0,1,1,0,0
121,57,0,9,10,1.08,1.08,1.35,1.1475,120,120,1.2625,24.0,0,0,1,0,1,1,0,0
122,86,0,6,8,0.92,0.92,1.1500000000000001,1.1500000000000001,120,120,1.2625,52.0,0,1,0,1,0,1,0,0
123,3,0,4,4,0.59,0.59,0.59,0.5015,120,120,1.2625,46.0,0,0,1,1,0,0,1,0
124,44,1,15,5,0.51,0.6375,0.6375,0.6375,125,125,1.26171875,80.0,0,1,0,0,1,0,1,0
125,71,1,6,3,0.48,0.6,0.6,0.51,125,125,1.26171875,65.0,0,0,1,0,1,0,0,1
126,66,0,21,1,0.78,0.78,0.78,0.78,127,127,1.25,68.0,1,0,0,1,0,0,0,1
127,13,1,9,1,1.05,1.3125,1.3125,1.1156249999999999,127,127,1.25,46.0,0,0,1,0,1,1,0,0
128,42,0,12,1,0.91,0.91,0.91,0.7735,127,127,1.25,81.0,0,0,1,1,0,0,1,0
129,51,1,5,7,0.74,0.925,0.925,0.925,127,127,1.25,31.0,1,0,0,1,0,1,0,0
130,78,1,5,2,1.0,1.25,1.25,1.25,127,127,1.25,59.0,1,0,0,1,0,1,0,0
131,38,1,13,7,0.99,1.2375,1.2375,1.0518750000000001,132,132,1.2484375,56.0,0,0,1,0,1,0,0,1
132,11,1,15,4,0.76,0.95,0.95,0.8075,133,133,1.2375,61.0,0,0,1,1,0,0,1,0
133,29,0,9,9,0.52,0.52,0.65,0.5525,133,133,1.2375,36.0,0,0,1,0,1,1,0,0
134,27,1,14,8,1.08,1.35,1.35,1.35,133,133,1.2375,43.0,1,0,0,1,0,1,0,0
135,89,0,19,7,0.74,0.74,0.925,0.78625,133,133,1.2375,51.0,0,0,1,0,1,1,0,0
136,90,0,4,5,0.55,0.55,0.6875,0.6875,133,133,1.2375,31.0,1,0,0,1,0,0,1,0
137,28,1,16,4,0.46,0.5750000000000001,0.5750000000000001,0.48875,133,133,1.2375,54.0,0,0,1,0,1,1,0,0
138,12,1,12,3,0.51,0.6375,0.6375,0.541875,133,133,1.2375,42.0,0,0,1,1,0,1,0,0
139,60,1,3,8,0.94,1.1749999999999998,1.1749999999999998,0.9987499999999998,133,133,1.2375,41.0,0,0,1,1,0,0,0,1
140,92,1,16,9,0.47,0.5874999999999999,0.7343749999999999,0.7343749999999999,133,133,1.2375,55.0,1,0,0,0,1,0,0,1
141,14,1,15,9,1.05,1.3125,1.640625,1.640625,142,142,1.23515625,20.0,1,0,0,0,1,1,0,0
142,28,1,20,8,0.68,0.8500000000000001,0.8500000000000001,0.7225,142,142,1.23515625,72.0,0,0,1,0,1,0,1,0
143,6,1,17,9,0.84,1.05,1.3125,1.3125,144,144,1.234375,46.0,0,1,0,0,1,1,0,0
144,4,0,6,1,0.78,0.78,0.78,0.663,144,144,1.234375,40.0,0,0,1,1,0,0,1,0
145,40,0,15,9,0.57,0.57,0.7124999999999999,0.6056249999999999,146,146,1.225,71.0,0,0,1,1,0,1,0,0
146,82,0,17,8,0.85,0.85,1.0625,0.903125,146,146,1.225,56.0,0,0,1,1,0,1,0,0
147,38,0,16,10,0.82,0.82,1.025,0.8712499999999999,146,146,1.225,52.0,0,0,1,0,1,1,0,0
148,58,0,19,6,0.57,0.57,0.57,0.57,146,146,1.225,52.0,0,1,0,1,0,0,0,1
149,39,0,17,8,0.55,0.55,0.55,0.4675,146,146,1.225,50.0,0,0,1,1,0,1,0,0
150,60,1,4,3,1.04,1.3,1.3,1.3,146,146,1.225,54.0,1,0,0,1,0,0,1,0
151,30,1,14,8,0.96,1.2,1.2,1.2,152,152,1.221875,60.0,1,0,0,1,0,1,0,0
152,61,1,18,11,0.64,0.8,1.0,0.85,153,153,1.21875,52.0,0,0,1,0,1,1,0,0
153,54,0,11,5,0.85,0.85,0.85,0.7224999999999999,154,154,1.203125,60.0,0,0,1,0,1,0,0,1
154,6,0,9,5,0.72,0.72,0.72,0.612,155,155,1.2,65.0,0,0,1,0,1,0,1,0
155,74,1,19,9,0.93,1.1625,1.453125,1.23515625,155,155,1.2,58.0,0,0,1,1,0,1,0,0
156,89,0,21,9,1.07,1.07,1.3375000000000001,1.136875,157,157,1.1953125,45.0,0,0,1,1,0,0,1,0
157,16,0,7,9,1.1,1.1,1.375,1.16875,158,158,1.1875,64.0,0,0,1,1,0,1,0,0
158,4,1,6,9,0.8,1.0,1.25,1.0625,158,158,1.1875,43.0,0,0,1,1,0,0,0,1
159,27,0,10,9,0.52,0.52,0.65,0.65,158,158,1.1875,70.0,0,1,0,0,1,1,0,0
160,37,0,4,12,0.85,0.85,1.0625,1.0625,158,158,1.1875,35.0,1,0,0,0,1,1,0,0
161,23,1,10,11,0.92,1.1500000000000001,1.4375000000000002,1.2218750000000003,158,158,1.1875,26.0,0,0,1,1,0,0,0,1
162,60,1,9,2,0.59,0.7374999999999999,0.7374999999999999,0.7374999999999999,163,163,1.18203125,52.0,1,0,0,1,0,1,0,0
163,96,1,19,3,0.74,0.925,1.15625,1.15625,163,163,1.18203125,70.0,0,1,0,0,1,0,1,0
164,3,1,3,11,0.47,0.5874999999999999,0.7343749999999999,0.6242187499999999,163,163,1.18203125,42.0,0,0,1,1,0,1,0,0
165,55,0,4,10,0.77,0.77,0.9625,0.818125,166,166,1.175,45.0,0,0,1,0,1,1,0,0
166,65,0,12,3,0.96,0.96,0.96,0.96,166,166,1.175,48.0,0,1,0,1,0,1,0,0
167,55,1,8,4,0.99,1.2375,1.2375,1.0518750000000001,166,166,1.175,32.0,0,0,1,1,0,0,1,0
168,99,0,15,9,0.8,0.8,1.0,1.0,166,166,1.175,69.0,1,0,0,1,0,0,0,1
169,33,0,13,7,0.64,0.64,0.64,0.64,166,166,1.175,35.0,1,0,0,0,1,0,0,1
170,42,0,14,9,0.98,0.98,1.225,1.225,166,166,1.175,66.0,1,0,0,1,0,1,0,0
171,36,1,10,11,0.77,0.9625,1.203125,1.02265625,166,166,1.175,65.0,0,0,1,0,1,1,0,0
172,60,1,4,6,0.82,1.025,1.025,0.8712499999999999,173,173,1.171875,32.0,0,0,1,0,1,1,0,0
173,56,1,16,1,1.06,1.3250000000000002,1.3250000000000002,1.3250000000000002,174,174,1.16875,26.0,1,0,0,0,1,0,0,1
174,72,0,5,8,0.41,0.41,0.41,0.3485,174,174,1.16875,66.0,0,0,1,1,0,0,0,1
175,54,0,7,9,0.87,0.87,1.0875,1.0875,174,174,1.16875,29.0,0,1,0,1,0,1,0,0
176,79,1,9,7,0.51,0.6375,0.6375,0.6375,177,177,1.1625,82.0,0,1,0,1,0,0,0,1
177,51,0,16,9,0.61,0.61,0.7625,0.648125,177,177,1.1625,69.0,0,0,1,0,1,1,0,0
178,92,1,13,10,1.04,1.3,1.625,1.3812499999999999,177,177,1.1625,71.0,0,0,1,0,1,1,0,0
179,71,0,5,9,0.4,0.4,0.5,0.425,177,177,1.1625,46.0,0,0,1,1,0,0,1,0
180,39,0,9,9,1.02,1.02,1.275,1.275,181,181,1.158125,56.0,0,1,0,0,1,1,0,0
181,78,0,18,7,0.66,0.66,0.66,0.561,181,181,1.158125,47.0,0,0,1,0,1,0,1,0
182,36,1,21,8,0.4,0.5,0.5,0.5,181,181,1.158125,75.0,0,1,0,0,1,1,0,0
183,34,1,13,7,1.1,1.375,1.375,1.16875,181,181,1.158125,47.0,0,0,1,0,1,1,0,0
184,68,0,5,9,0.77,0.77,0.9625,0.818125,181,181,1.158125,36.0,0,0,1,1,0,0,0,1
185,65,1,3,10,0.55,0.6875,0.859375,0.859375,181,181,1.158125,29.0,0,1,0,0,1,0,0,1
186,26,0,17,10,0.86,0.86,1.075,1.075,181,181,1.158125,50.0,0,1,0,1,0,1,0,0
187,67,1,17,8,0.59,0.7374999999999999,0.7374999999999999,0.626875,188,188,1.15625,48.0,0,0,1,1,0,1,0,0
188,7,0,9,10,0.65,0.65,0.8125,0.8125,188,188,1.15625,35.0,0,1,0,1,0,0,1,0
189,74,0,10,9,1.01,1.01,1.2625,1.2625,190,190,1.15546875,25.0,1,0,0,0,1,1,0,0
190,32,0,8,11,1.05,1.05,1.3125,1.3125,191,191,1.15,29.0,1,0,0,1,0,1,0,0
191,55,1,7,8,0.56,0.7000000000000001,0.7000000000000001,0.5950000000000001,191,191,1.15,83.0,0,0,1,0,1,1,0,0
192,16,0,10,8,0.72,0.72,0.72,0.72,191,191,1.15,51.0,0,1,0,1,0,1,0,0
193,47,0,7,10,0.59,0.59,0.7374999999999999,0.626875,191,191,1.15,52.0,0,0,1,1,0,1,0,0
194,26,1,11,12,0.67,0.8375,1.046875,0.8898437499999999,195,195,1.1475,77.0,0,0,1,1,0,0,0,1
195,6,0,16,3,0.74,0.74,0.74,0.74,195,195,1.1475,49.0,1,0,0,0,1,0,0,1
196,60,0,7,9,0.53,0.53,0.6625000000000001,0.6625000000000001,195,195,1.1475,40.0,0,1,0,1,0,0,1,0
197,66,0,2,9,0.84,0.84,1.05,1.05,195,195,1.1475,31.0,0,1,0,1,0,1,0,0
198,44,0,3,3,0.46,0.46,0.46,0.46,195,195,1.1475,28.0,1,0,0,0,1,1,0,0
199,55,1,12,4,0.91,1.1375,1.1375,1.1375,195,195,1.1475,55.0,0,1,0,1,0,0,1,0
200,70,1,13,7,0.43,0.5375,0.5375,0.456875,201,201,1.1421875,81.0,0,0,1,0,1,0,0,1
201,84,0,15,8,0.83,0.83,1.0374999999999999,0.8818749999999999,202,202,1.140625,62.0,0,0,1,1,0,1,0,0
202,47,1,21,9,0.68,0.8500000000000001,1.0625,1.0625,202,202,1.140625,76.0,1,0,0,0,1,1,0,0
203,44,1,7,1,0.63,0.7875,0.7875,0.6693749999999999,202,202,1.140625,69.0,0,0,1,1,0,0,1,0
204,2,0,2,7,0.5,0.5,0.5,0.425,202,202,1.140625,23.0,0,0,1,0,1,1,0,0
205,19,1,12,8,0.76,0.95,0.95,0.95,206,206,1.1375,73.0,1,0,0,1,0,1,0,0
206,31,0,9,7,0.57,0.57,0.57,0.57,206,206,1.1375,45.0,1,0,0,0,1,0,1,0
207,70,1,11,7,0.4,0.5,0.5,0.425,206,206,1.1375,66.0,0,0,1,1,0,1,0,0
208,12,0,19,9,0.88,0.88,1.1,1.1,206,206,1.1375,63.0,0,1,0,1,0,1,0,0
209,92,0,4,4,1.07,1.07,1.3375000000000001,1.3375000000000001,206,206,1.1375,54.0,1,0,0,0,1,0,1,0
210,32,0,16,10,0.86,0.86,1.075,0.91375,206,206,1.1375,54.0,0,0,1,0,1,1,0,0
211,82,1,5,8,0.99,1.2375,1.546875,1.546875,212,212,1.136875,38.0,0,1,0,0,1,1,0,0
212,12,0,6,6,0.89,0.89,0.89,0.7565,212,212,1.136875,24.0,0,0,1,0,1,0,0,1
213,28,0,10,8,1.1,1.1,1.1,1.1,212,212,1.136875,65.0,0,1,0,0,1,1,0,0
214,9,1,22,7,0.98,1.225,1.225,1.04125,215,215,1.12890625,74.0,0,0,1,1,0,0,1,0
215,11,0,4,11,0.79,0.79,0.9875,0.839375,215,215,1.12890625,21.0,0,0,1,0,1,1,0,0
216,50,0,5,7,0.64,0.64,0.64,0.544,215,215,1.12890625,24.0,0,0,1,1,0,1,0,0
217,8,1,18,2,0.96,1.2,1.2,1.2,218,218,1.12625,58.0,1,0,0,1,0,0,1,0
218,78,1,18,11,0.84,1.05,1.3125,1.1156249999999999,219,219,1.125,41.0,0,0,1,0,1,1,0,0
219,7,0,3,8,1.03,1.03,1.03,1.03,219,219,1.125,27.0,1,0,0,0,1,1,0,0
220,68,1,15,8,0.61,0.7625,0.7625,0.648125,219,219,1.125,40.0,0,0,1,0,1,0,0,1
221,66,1,7,9,0.88,1.1,1.375,1.16875,219,219,1.125,42.0,0,0,1,0,1,1,0,0
222,62,0,18,11,0.46,0.46,0.5750000000000001,0.48875,223,223,1.115625,55.0,0,0,1,1,0,1,0,0
223,66,0,9,8,0.82,0.82,0.82,0.82,223,223,1.115625,21.0,0,1,0,0,1,1,0,0
224,91,0,17,1,0.64,0.64,0.8,0.68,223,223,1.115625,44.0,0,0,1,0,1,0,1,0
225,0,1,15,8,0.57,0.7124999999999999,0.7124999999999999,0.6056249999999999,226,226,1.1125,21.0,0,0,1,0,1,0,1,0
226,35,1,11,9,0.63,0.7875,0.984375,0.984375,226,226,1.1125,47.0,1,0,0,0,1,1,0,0
227,54,0,8,9,0.76,0.76,0.95,0.95,226,226,1.1125,57.0,0,1,0,0,1,1,0,0
228,46,0,7,8,0.52,0.52,0.52,0.442,226,226,1.1125,67.0,0,0,1,1,0,1,0,0
229,48,1,14,4,0.86,1.075,1.075,1.075,230,230,1.109375,58.0,1,0,0,1,0,0,1,0
230,52,1,14,10,0.82,1.025,1.28125,1.0890625,231,231,1.105,43.0,0,0,1,0,1,1,0,0
231,50,1,18,9,1.04,1.3,1.625,1.3812499999999999,231,231,1.105,78.0,0,0,1,0,1,1,0,0
232,94,0,14,9,0.43,0.43,0.5375,0.456875,233,233,1.1,56.0,0,0,1,0,1,1,0,0
233,53,0,16,7,0.78,0.78,0.78,0.663,233,233,1.1,78.0,0,0,1,1,0,1,0,0
234,25,1,13,8,0.81,1.0125000000000002,1.0125000000000002,0.8606250000000001,233,233,1.1,24.0,0,0,1,1,0,0,0,1
235,41,0,8,8,0.47,0.47,0.47,0.47,233,233,1.1,81.0,1,0,0,0,1,1,0,0
236,97,1,13,8,0.87,1.0875,1.359375,1.359375,237,237,1.094375,78.0,0,1,0,1,0,1,0,0
237,30,1,8,10,0.78,0.9750000000000001,1.21875,1.0359375,237,237,1.094375,82.0,0,0,1,1,0,1,0,0
238,84,1,15,1,0.78,0.9750000000000001,1.21875,1.0359375,237,237,1.094375,80.0,0,0,1,1,0,0,1,0
239,4,1,5,8,0.72,0.8999999999999999,0.8999999999999999,0.7649999999999999,240,240,1.09,60.0,0,0,1,0,1,0,1,0
240,18,1,9,9,0.79,0.9875,1.234375,1.234375,241,241,1.0875,47.0,0,1,0,1,0,0,0,1
241,94,0,5,9,1.07,1.07,1.3375000000000001,1.136875,241,241,1.0875,62.0,0,0,1,1,0,0,1,0
242,57,1,16,4,0.9,1.125,1.125,1.125,241,241,1.0875,52.0,1,0,0,0,1,0,0,1
243,29,0,12,8,0.79,0.79,0.79,0.6715,244,244,1.08375,64.0,0,0,1,0,1,0,1,0
244,2,1,19,5,0.92,1.1500000000000001,1.1500000000000001,0.9775,244,244,1.08375,71.0,0,0,1,1,0,0,1,0
245,8,1,4,10,0.8,1.0,1.25,1.25,244,244,1.08375,54.0,1,0,0,1,0,0,0,1
246,74,0,14,3,1.04,1.04,1.04,1.04,244,244,1.08375,58.0,0,1,0,1,0,0,1,0
247,49,1,10,7,0.64,0.8,0.8,0.8,248,248,1.078125,50.0,1,0,0,0,1,0,1,0
248,59,1,11,4,1.02,1.275,1.275,1.275,249,249,1.07578125,43.0,0,1,0,0,1,1,0,0
249,57,0,18,3,0.56,0.56,0.56,0.56,250,250,1.075,47.0,0,1,0,0,1,0,1,0
250,90,0,11,10,0.57,0.57,0.7124999999999999,0.6056249999999999,250,250,1.075,46.0,0,0,1,1,0,1,0,0
251,85,1,6,2,0.66,0.8250000000000001,1.03125,1.03125,252,252,1.073125,54.0,1,0,0,0,1,0,1,0
252,13,0,9,9,0.51,0.51,0.6375,0.541875,252,252,1.073125,60.0,0,0,1,1,0,1,0,0
253,91,0,9,9,0.99,0.99,1.2375,1.0518750000000001,252,252,1.073125,41.0,0,0,1,1,0,1,0,0
254,75,0,12,12,0.73,0.73,0.9125,0.9125,252,252,1.073125,24.0,0,1,0,1,0,1,0,0
255,17,0,16,10,0.89,0.89,1.1125,0.945625,252,252,1.073125,82.0,0,0,1,1,0,0,0,1
256,49,0,15,12,0.69,0.69,0.8624999999999999,0.7331249999999999,252,252,1.073125,62.0,0,0,1,1,0,0,0,1
257,37,0,5,3,0.97,0.97,0.97,0.8245,252,252,1.073125,59.0,0,0,1,0,1,0,1,0
258,45,1,9,6,0.92,1.1500000000000001,1.1500000000000001,0.9775,259,259,1.0625,21.0,0,0,1,1,0,0,1,0
259,41,0,19,10,0.92,0.92,1.1500000000000001,1.1500000000000001,259,259,1.0625,50.0,0,1,0,1,0,1,0,0
260,9,1,14,9,1.06,1.3250000000000002,1.6562500000000002,1.4078125000000001,259,259,1.0625,52.0,0,0,1,1,0,0,0,1
261,21,0,6,6,1.04,1.04,1.04,1.04,259,259,1.0625,30.0,0,1,0,1,0,0,1,0
262,88,1,10,9,0.81,1.0125000000000002,1.2656250000000002,1.0757812500000001,259,259,1.0625,29.0,0,0,1,0,1,0,1,0
263,36,1,7,5,0.6,0.75,0.75,0.6375,259,259,1.0625,73.0,0,0,1,1,0,0,1,0
264,57,1,2,6,0.69,0.8624999999999999,0.8624999999999999,0.8624999999999999,259,259,1.0625,25.0,1,0,0,0,1,0,1,0
265,56,0,10,12,0.57,0.57,0.7124999999999999,0.6056249999999999,259,259,1.0625,83.0,0,0,1,1,0,1,0,0
266,81,1,18,8,0.91,1.1375,1.421875,1.20859375,259,259,1.0625,52.0,0,0,1,1,0,1,0,0
267,82,0,7,7,0.73,0.73,0.9125,0.775625,259,259,1.0625,48.0,0,0,1,1,0,0,0,1
268,70,1,14,7,0.51,0.6375,0.6375,0.6375,259,259,1.0625,70.0,1,0,0,0,1,0,0,1
269,89,0,8,8,0.4,0.4,0.5,0.5,259,259,1.0625,49.0,0,1,0,1,0,1,0,0
270,84,1,1,7,0.65,0.8125,1.015625,1.015625,271,271,1.06,25.0,0,1,0,0,1,0,0,1
271,70,1,5,3,0.97,1.2125,1.2125,1.030625,271,271,1.06,60.0,0,0,1,0,1,1,0,0
272,99,0,3,10,0.48,0.48,0.6,0.51,271,271,1.06,45.0,0,0,1,1,0,1,0,0
273,48,0,6,9,0.62,0.62,0.775,0.65875,274,274,1.051875,65.0,0,0,1,0,1,1,0,0
274,35,0,13,9,1.08,1.08,1.35,1.35,274,274,1.051875,45.0,1,0,0,0,1,1,0,0
275,90,1,7,3,0.91,1.1375,1.421875,1.421875,274,274,1.051875,55.0,1,0,0,1,0,0,0,1
276,70,0,6,12,0.61,0.61,0.7625,0.7625,274,274,1.051875,68.0,0,1,0,1,0,1,0,0
277,50,1,5,9,1.09,1.3625,1.703125,1.703125,278,278,1.05,59.0,1,0,0,0,1,0,0,1
278,64,1,16,9,0.98,1.225,1.53125,1.3015625,278,278,1.05,45.0,0,0,1,1,0,0,0,1
279,81,0,17,9,0.91,0.91,1.1375,1.1375,278,278,1.05,56.0,1,0,0,1,0,0,0,1
280,7,0,6,12,0.62,0.62,0.775,0.65875,278,278,1.05,53.0,0,0,1,0,1,1,0,0
281,26,1,10,8,0.51,0.6375,0.6375,0.541875,282,282,1.04921875,50.0,0,0,1,1,0,0,0,1
282,37,0,19,2,0.72,0.72,0.72,0.612,282,282,1.04921875,43.0,0,0,1,1,0,0,0,1
283,81,0,17,7,0.67,0.67,0.8375,0.711875,284,284,1.046875,62.0,0,0,1,0,1,0,1,0
284,88,0,11,7,1.07,1.07,1.3375000000000001,1.136875,285,285,1.04125,54.0,0,0,1,1,0,0,1,0
285,3,1,19,3,0.73,0.9125,0.9125,0.9125,285,285,1.04125,64.0,0,1,0,0,1,1,0,0
286,70,0,13,8,0.73,0.73,0.73,0.73,287,287,1.04,74.0,1,0,0,0,1,0,1,0
287,2,0,6,10,0.7,0.7,0.875,0.875,287,287,1.04,63.0,1,0,0,1,0,0,1,0
288,96,1,9,7,0.97,1.2125,1.515625,1.515625,289,289,1.0375,45.0,1,0,0,1,0,1,0,0
289,50,1,10,1,0.67,0.8375,0.8375,0.8375,289,289,1.0375,31.0,0,1,0,0,1,0,0,1
290,95,0,12,11,0.98,0.98,1.225,1.225,291,291,1.0359375,40.0,0,1,0,1,0,1,0,0
291,15,0,9,8,0.96,0.96,0.96,0.96,291,291,1.0359375,49.0,1,0,0,0,1,0,0,1
292,89,0,20,6,0.43,0.43,0.5375,0.5375,291,291,1.0359375,63.0,1,0,0,0,1,0,0,1
293,88,1,6,7,0.52,0.65,0.8125,0.6906249999999999,291,291,1.0359375,58.0,0,0,1,1,0,0,0,1
294,36,0,4,8,0.58,0.58,0.58,0.49299999999999994,295,295,1.03125,41.0,0,0,1,0,1,0,1,0
295,68,1,5,7,0.53,0.6625000000000001,0.6625000000000001,0.5631250000000001,295,295,1.03125,33.0,0,0,1,1,0,1,0,0
296,73,0,19,8,0.46,0.46,0.46,0.46,297,297,1.030625,51.0,0,1,0,0,1,1,0,0
297,97,1,4,8,0.72,0.8999999999999999,1.125,0.9562499999999999,297,297,1.030625,56.0,0,0,1,0,1,1,0,0
298,91,0,10,8,0.87,0.87,1.0875,0.924375,297,297,1.030625,30.0,0,0,1,1,0,1,0,0
299,59,0,17,11,0.73,0.73,0.9125,0.775625,297,297,1.030625,74.0,0,0,1,1,0,1,0,0
300,39,1,10,5,0.7,0.875,0.875,0.74375,297,297,1.030625,33.0,0,0,1,0,1,0,1,0
301,97,0,7,9,0.6,0.6,0.75,0.6375,302,302,1.03,28.0,0,0,1,1,0,0,0,1
302,79,1,11,12,0.82,1.025,1.28125,1.28125,302,302,1.03,40.0,1,0,0,0,1,1,0,0
303,56,0,11,11,1.03,1.03,1.2875,1.2875,304,304,1.025,72.0,1,0,0,1,0,1,0,0
304,42,1,13,8,0.46,0.5750000000000001,0.5750000000000001,0.5750000000000001,304,304,1.025,66.0,0,1,0,1,0,0,1,0
305,81,0,6,7,0.51,0.51,0.6375,0.541875,304,304,1.025,47.0,0,0,1,1,0,0,1,0
306,1,1,11,9,0.65,0.8125,1.015625,1.015625,304,304,1.025,67.0,1,0,0,0,1,1,0,0
307,63,1,18,3,0.4,0.5,0.5,0.5,304,304,1.025,62.0,0,1,0,1,0,1,0,0
308,45,0,11,6,0.83,0.83,0.83,0.7054999999999999,304,304,1.025,40.0,0,0,1,1,0,1,0,0
309,21,1,14,6,0.5,0.625,0.625,0.53125,310,310,1.02265625,50.0,0,0,1,0,1,1,0,0
310,39,1,10,11,1.09,1.3625,1.703125,1.703125,310,310,1.02265625,30.0,0,1,0,1,0,0,0,1
311,28,0,5,5,0.93,0.93,0.93,0.7905,312,312,1.02,56.0,0,0,1,1,0,0,0,1
312,61,0,7,8,1.08,1.08,1.08,1.08,312,312,1.02,32.0,0,1,0,0,1,1,0,0
313,95,0,7,11,0.91,0.91,1.1375,0.9668749999999999,312,312,1.02,53.0,0,0,1,0,1,1,0,0
314,73,1,3,8,0.51,0.6375,0.6375,0.6375,312,312,1.02,29.0,0,1,0,1,0,0,1,0
315,96,0,18,9,0.67,0.67,0.8375,0.8375,312,312,1.02,43.0,0,1,0,1,0,0,0,1
316,3,1,15,6,0.74,0.925,0.925,0.78625,312,312,1.02,64.0,0,0,1,1,0,0,0,1
317,20,1,15,7,1.05,1.3125,1.3125,1.1156249999999999,312,312,1.02,36.0,0,0,1,1,0,0,1,0
318,74,1,14,8,0.63,0.7875,0.7875,0.7875,312,312,1.02,66.0,1,0,0,1,0,1,0,0
319,87,1,4,9,0.95,1.1875,1.484375,1.484375,320,320,1.015625,40.0,1,0,0,0,1,1,0,0
320,78,1,7,7,0.65,0.8125,0.8125,0.8125,320,320,1.015625,45.0,0,1,0,0,1,0,0,1
321,23,0,12,6,0.96,0.96,0.96,0.96,322,322,1.0125,44.0,0,1,0,0,1,1,0,0
322,0,0,17,9,0.74,0.74,0.925,0.78625,322,322,1.0125,40.0,0,0,1,1,0,1,0,0
323,35,0,9,9,0.47,0.47,0.5874999999999999,0.5874999999999999,324,324,1.01,29.0,0,1,0,0,1,0,0,1
324,69,1,3,3,0.99,1.2375,1.2375,1.0518750000000001,324,324,1.01,47.0,0,0,1,0,1,0,0,1
325,14,0,7,1,0.65,0.65,0.65,0.65,326,326,1.009375,66.0,0,1,0,1,0,0,0,1
326,17,1,18,4,0.71,0.8875,0.8875,0.7543749999999999,326,326,1.009375,69.0,0,0,1,1,0,0,1,0
327,84,0,12,5,0.48,0.48,0.6,0.51,326,326,1.009375,39.0,0,0,1,0,1,0,1,0
328,32,0,21,6,0.91,0.91,0.91,0.91,329,329,1.0,43.0,0,1,0,0,1,0,1,0
329,32,0,11,4,0.84,0.84,0.84,0.714,329,329,1.0,49.0,0,0,1,1,0,1,0,0
330,17,0,9,3,1.07,1.07,1.07,1.07,329,329,1.0,22.0,1,0,0,0,1,0,1,0
331,46,1,15,9,0.46,0.5750000000000001,0.7187500000000001,0.7187500000000001,329,329,1.0,62.0,0,1,0,0,1,1,0,0
332,64,1,7,8,0.92,1.1500000000000001,1.1500000000000001,0.9775,329,329,1.0,24.0,0,0,1,0,1,0,0,1
333,33,1,9,2,0.83,1.0374999999999999,1.0374999999999999,1.0374999999999999,334,334,0.9987499999999998,43.0,1,0,0,0,1,0,0,1
334,62,1,15,10,1.08,1.35,1.6875,1.434375,334,334,0.9987499999999998,76.0,0,0,1,1,0,1,0,0
335,81,0,7,9,0.59,0.59,0.7374999999999999,0.626875,334,334,0.9987499999999998,78.0,0,0,1,0,1,1,0,0
336,8,1,16,7,0.91,1.1375,1.1375,0.9668749999999999,334,334,0.9987499999999998,22.0,0,0,1,1,0,0,0,1
337,53,0,14,8,0.57,0.57,0.57,0.57,338,338,0.99609375,45.0,1,0,0,0,1,0,0,1
338,18,1,18,4,1.08,1.35,1.35,1.1475,338,338,0.99609375,65.0,0,0,1,0,1,1,0,0
339,80,1,7,9,0.45,0.5625,0.703125,0.703125,338,338,0.99609375,46.0,0,1,0,1,0,0,0,1
340,93,1,17,3,0.97,1.2125,1.515625,1.515625,341,341,0.99,52.0,1,0,0,1,0,0,1,0
341,38,1,11,10,0.77,0.9625,1.203125,1.02265625,341,341,0.99,53.0,0,0,1,1,0,0,0,1
342,84,0,10,6,0.93,0.93,1.1625,1.1625,341,341,0.99,70.0,1,0,0,0,1,0,1,0
343,22,1,16,10,0.47,0.5874999999999999,0.7343749999999999,0.6242187499999999,341,341,0.99,82.0,0,0,1,1,0,0,1,0
344,17,1,13,7,0.71,0.8875,0.8875,0.8875,345,345,0.988125,57.0,1,0,0,0,1,0,1,0
345,71,1,7,8,0.6,0.75,0.75,0.6375,345,345,0.988125,69.0,0,0,1,1,0,1,0,0
346,43,1,7,9,0.97,1.2125,1.515625,1.28828125,345,345,0.988125,80.0,0,0,1,1,0,1,0,0
347,22,1,17,6,1.07,1.3375000000000001,1.3375000000000001,1.3375000000000001,345,345,0.988125,60.0,0,1,0,0,1,0,1,0
348,11,0,5,1,0.53,0.53,0.53,0.4505,349,349,0.9875,68.0,0,0,1,1,0,1,0,0
349,67,0,12,10,0.68,0.68,0.8500000000000001,0.8500000000000001,349,349,0.9875,40.0,0,1,0,0,1,0,0,1
350,18,0,17,8,0.55,0.55,0.55,0.4675,349,349,0.9875,65.0,0,0,1,0,1,0,1,0
351,59,0,13,6,0.6,0.6,0.6,0.51,349,349,0.9875,57.0,0,0,1,1,0,1,0,0
352,74,1,17,10,0.72,0.8999999999999999,1.125,0.9562499999999999,349,349,0.9875,77.0,0,0,1,1,0,0,0,1
353,19,1,12,8,0.69,0.8624999999999999,0.8624999999999999,0.8624999999999999,349,349,0.9875,68.0,1,0,0,0,1,1,0,0
354,59,1,14,5,0.55,0.6875,0.6875,0.6875,355,355,0.984375,19.0,1,0,0,1,0,0,0,1
355,45,0,10,8,1.04,1.04,1.04,1.04,356,356,0.9828125,41.0,1,0,0,1,0,1,0,0
356,30,1,11,7,0.79,0.9875,0.9875,0.839375,356,356,0.9828125,77.0,0,0,1,1,0,0,0,1
357,59,0,12,11,0.87,0.87,1.0875,1.0875,358,358,0.98,50.0,1,0,0,0,1,1,0,0
358,65,0,5,8,0.54,0.54,0.54,0.54,358,358,0.98,47.0,1,0,0,0,1,0,1,0
359,99,0,10,7,1.02,1.02,1.275,1.275,358,358,0.98,31.0,0,1,0,0,1,0,0,1
360,71,1,11,7,0.69,0.8624999999999999,0.8624999999999999,0.7331249999999999,361,361,0.9775,47.0,0,0,1,0,1,0,0,1
361,7,0,12,10,0.92,0.92,1.1500000000000001,0.9775,361,361,0.9775,42.0,0,0,1,0,1,1,0,0
362,67,1,10,2,1.01,1.2625,1.2625,1.0731249999999999,361,361,0.9775,24.0,0,0,1,1,0,1,0,0
363,13,0,13,11,0.86,0.86,1.075,0.91375,361,361,0.9775,64.0,0,0,1,0,1,0,0,1
364,62,1,15,4,0.6,0.75,0.75,0.6375,361,361,0.9775,22.0,0,0,1,1,0,1,0,0
365,60,0,18,10,0.83,0.83,1.0374999999999999,1.0374999999999999,366,366,0.9750000000000001,40.0,1,0,0,0,1,0,1,0
366,84,0,11,8,0.65,0.65,0.8125,0.6906249999999999,366,366,0.9750000000000001,50.0,0,0,1,1,0,1,0,0
367,18,1,9,7,0.73,0.9125,0.9125,0.9125,366,366,0.9750000000000001,62.0,0,1,0,0,1,0,0,1
368,6,1,20,9,0.91,1.1375,1.421875,1.20859375,366,366,0.9750000000000001,64.0,0,0,1,1,0,1,0,0
369,50,0,4,4,0.43,0.43,0.43,0.43,370,370,0.97,27.0,0,1,0,0,1,0,0,1
370,57,0,11,11,0.78,0.78,0.9750000000000001,0.8287500000000001,371,371,0.96875,43.0,0,0,1,1,0,0,1,0
371,30,1,6,9,0.89,1.1125,1.390625,1.1820312499999999,372,372,0.9668749999999999,58.0,0,0,1,0,1,1,0,0
372,4,0,9,10,0.86,0.86,1.075,0.91375,372,372,0.9668749999999999,47.0,0,0,1,0,1,1,0,0
373,54,0,11,11,1.07,1.07,1.3375000000000001,1.3375000000000001,372,372,0.9668749999999999,46.0,1,0,0,0,1,0,0,1
374,66,0,15,6,0.89,0.89,0.89,0.7565,375,375,0.96,47.0,0,0,1,0,1,0,1,0
375,7,1,20,8,0.54,0.675,0.675,0.675,375,375,0.96,61.0,0,1,0,0,1,0,1,0
376,60,0,10,2,0.83,0.83,0.83,0.83,375,375,0.96,47.0,0,1,0,0,1,0,1,0
377,81,0,2,1,0.64,0.64,0.8,0.8,378,378,0.9562499999999999,35.0,0,1,0,1,0,0,0,1
378,34,0,14,6,0.87,0.87,0.87,0.87,378,378,0.9562499999999999,47.0,1,0,0,1,0,0,0,1
379,40,1,16,5,0.99,1.2375,1.2375,1.0518750000000001,378,378,0.9562499999999999,79.0,0,0,1,1,0,0,1,0
380,7,0,12,6,0.55,0.55,0.55,0.4675,378,378,0.9562499999999999,58.0,0,0,1,1,0,1,0,0
381,4,1,2,12,1.07,1.3375000000000001,1.6718750000000002,1.6718750000000002,382,382,0.95,25.0,1,0,0,1,0,1,0,0
382,85,1,8,10,0.86,1.075,1.34375,1.1421875,382,382,0.95,57.0,0,0,1,0,1,1,0,0
383,65,0,17,7,0.87,0.87,0.87,0.87,382,382,0.95,77.0,1,0,0,1,0,1,0,0
384,82,1,9,6,0.99,1.2375,1.546875,1.546875,382,382,0.95,26.0,1,0,0,0,1,0,0,1
385,46,1,9,7,1.01,1.2625,1.2625,1.2625,386,386,0.945625,67.0,0,1,0,0,1,0,1,0
386,11,0,13,8,0.4,0.4,0.4,0.34,386,386,0.945625,60.0,0,0,1,1,0,1,0,0
387,15,1,8,5,0.64,0.8,0.8,0.8,386,386,0.945625,48.0,1,0,0,1,0,0,0,1
388,51,0,5,3,0.52,0.52,0.52,0.52,386,386,0.945625,28.0,1,0,0,0,1,0,1,0
389,75,0,22,7,1.09,1.09,1.09,0.9265,386,386,0.945625,73.0,0,0,1,1,0,1,0,0
390,25,0,21,6,1.02,1.02,1.02,1.02,386,386,0.945625,42.0,0,1,0,1,0,0,0,1
391,92,0,10,10,0.69,0.69,0.8624999999999999,0.8624999999999999,386,386,0.945625,82.0,1,0,0,1,0,1,0,0
392,36,1,6,11,0.97,1.2125,1.515625,1.28828125,386,386,0.945625,39.0,0,0,1,0,1,1,0,0
393,10,0,19,9,0.63,0.63,0.7875,0.6693749999999999,386,386,0.945625,71.0,0,0,1,0,1,0,0,1
394,74,1,5,9,0.55,0.6875,0.859375,0.73046875,395,395,0.94,31.0,0,0,1,0,1,0,0,1
395,73,1,9,12,0.62,0.775,0.96875,0.8234374999999999,396,396,0.9375,60.0,0,0,1,1,0,1,0,0
396,66,1,4,3,0.92,1.1500000000000001,1.1500000000000001,0.9775,396,396,0.9375,19.0,0,0,1,1,0,0,1,0
397,84,1,15,5,0.62,0.775,0.96875,0.96875,396,396,0.9375,60.0,0,1,0,1,0,0,1,0
398,54,1,21,8,0.75,0.9375,0.9375,0.796875,396,396,0.9375,79.0,0,0,1,0,1,1,0,0
399,72,0,18,10,0.78,0.78,0.9750000000000001,0.9750000000000001,396,396,0.9375,42.0,1,0,0,0,1,1,0,0
400,53,0,12,5,0.77,0.77,0.77,0.6545,401,401,0.935,45.0,0,0,1,0,1,1,0,0
401,91,1,13,10,0.45,0.5625,0.703125,0.59765625,401,401,0.935,54.0,0,0,1,1,0,0,0,1
402,56,1,13,7,0.92,1.1500000000000001,1.1500000000000001,0.9775,401,401,0.935,66.0,0,0,1,0,1,0,0,1
403,80,1,17,11,0.61,0.7625,0.953125,0.953125,401,401,0.935,43.0,1,0,0,0,1,1,0,0
404,67,1,16,7,0.49,0.6125,0.6125,0.6125,405,405,0.93,44.0,0,1,0,1,0,0,0,1
405,5,1,13,11,0.69,0.8624999999999999,1.078125,0.91640625,405,405,0.93,41.0,0,0,1,1,0,1,0,0
406,21,0,19,11,0.77,0.77,0.9625,0.818125,405,405,0.93,83.0,0,0,1,0,1,1,0,0
407,24,0,12,7,0.85,0.85,0.85,0.85,408,408,0.9296875,25.0,0,1,0,1,0,0,0,1
408,75,0,10,10,0.56,0.56,0.7000000000000001,0.7000000000000001,409,409,0.925,38.0,0,1,0,1,0,0,0,1
409,15,0,18,7,1.07,1.07,1.07,1.07,409,409,0.925,64.0,1,0,0,1,0,1,0,0
410,81,1,21,8,0.64,0.8,1.0,0.85,409,409,0.925,75.0,0,0,1,1,0,1,0,0
411,84,0,14,11,0.67,0.67,0.8375,0.711875,409,409,0.925,26.0,0,0,1,0,1,0,0,1
412,65,0,17,8,1.1,1.1,1.1,0.935,409,409,0.925,67.0,0,0,1,0,1,1,0,0
413,48,0,11,12,0.64,0.64,0.8,0.8,414,414,0.924375,63.0,0,1,0,1,0,1,0,0
414,37,0,9,9,0.65,0.65,0.8125,0.6906249999999999,415,415,0.9218749999999999,83.0,0,0,1,0,1,1,0,0
415,57,1,15,2,0.91,1.1375,1.1375,0.9668749999999999,415,415,0.9218749999999999,58.0,0,0,1,0,1,0,1,0
416,57,0,17,3,0.44,0.44,0.44,0.44,415,415,0.9218749999999999,68.0,1,0,0,0,1,0,0,1
417,46,0,7,3,0.92,0.92,0.92,0.782,418,418,0.918,32.0,0,0,1,1,0,1,0,0
418,76,1,1,10,0.74,0.925,1.15625,1.15625,419,419,0.91640625,23.0,1,0,0,0,1,1,0,0
419,33,0,3,1,0.99,0.99,0.99,0.8415,420,420,0.91375,30.0,0,0,1,1,0,1,0,0
420,90,0,12,11,0.93,0.93,1.1625,0.988125,420,420,0.91375,73.0,0,0,1,1,0,1,0,0
421,97,1,10,8,0.46,0.5750000000000001,0.7187500000000001,0.6109375000000001,420,420,0.91375,51.0,0,0,1,0,1,1,0,0
422,3,0,12,9,0.45,0.45,0.5625,0.47812499999999997,420,420,0.91375,30.0,0,0,1,0,1,1,0,0
423,87,0,15,5,0.41,0.41,0.5125,0.5125,420,420,0.91375,28.0,1,0,0,0,1,0,0,1
424,70,1,19,9,0.4,0.5,0.625,0.53125,420,420,0.91375,76.0,0,0,1,0,1,1,0,0
425,13,1,20,9,0.6,0.75,0.9375,0.796875,420,420,0.91375,74.0,0,0,1,1,0,0,1,0
426,96,1,18,7,0.65,0.8125,1.015625,0.86328125,427,427,0.9125,46.0,0,0,1,1,0,1,0,0
427,52,0,13,9,0.41,0.41,0.5125,0.5125,427,427,0.9125,52.0,0,1,0,1,0,1,0,0
428,6,1,20,9,0.94,1.1749999999999998,1.4687499999999998,1.4687499999999998,429,429,0.91,44.0,1,0,0,1,0,1,0,0
429,51,0,8,4,0.41,0.41,0.41,0.41,430,430,0.9095,81.0,1,0,0,1,0,1,0,0
430,23,1,4,8,0.8,1.0,1.0,0.85,430,430,0.9095,47.0,0,0,1,0,1,1,0,0
431,58,1,17,9,0.89,1.1125,1.390625,1.1820312499999999,430,430,0.9095,46.0,0,0,1,1,0,1,0,0
432,72,0,16,4,0.87,0.87,0.87,0.7394999999999999,433,433,0.90625,64.0,0,0,1,0,1,0,1,0
433,61,0,12,8,0.94,0.94,0.94,0.94,433,433,0.90625,43.0,1,0,0,0,1,0,0,1
434,52,0,7,5,0.69,0.69,0.69,0.5864999999999999,433,433,0.90625,47.0,0,0,1,0,1,0,0,1
435,15,1,22,7,0.65,0.8125,0.8125,0.8125,436,436,0.903125,48.0,0,1,0,0,1,0,0,1
436,37,1,10,8,0.84,1.05,1.05,1.05,436,436,0.903125,24.0,0,1,0,0,1,1,0,0
437,28,1,7,2,0.73,0.9125,0.9125,0.9125,436,436,0.903125,47.0,1,0,0,0,1,0,0,1
438,47,0,7,10,0.53,0.53,0.6625000000000001,0.5631250000000001,436,436,0.903125,69.0,0,0,1,0,1,1,0,0
439,93,1,14,6,0.79,0.9875,1.234375,1.0492187499999999,436,436,0.903125,47.0,0,0,1,0,1,0,0,1
440,59,1,14,1,0.66,0.8250000000000001,0.8250000000000001,0.8250000000000001,441,441,0.901,80.0,0,1,0,1,0,1,0,0
441,16,0,15,8,0.41,0.41,0.41,0.41,441,441,0.901,24.0,1,0,0,0,1,0,0,1
442,30,1,14,2,0.79,0.9875,0.9875,0.839375,441,441,0.901,34.0,0,0,1,1,0,1,0,0
443,59,0,6,2,0.72,0.72,0.72,0.612,444,444,0.9,57.0,0,0,1,1,0,1,0,0
444,76,1,10,7,0.81,1.0125000000000002,1.0125000000000002,0.8606250000000001,444,444,0.9,49.0,0,0,1,1,0,0,1,0
445,67,0,8,5,0.59,0.59,0.59,0.59,444,444,0.9,28.0,1,0,0,0,1,0,1,0
446,54,1,5,11,0.92,1.1500000000000001,1.4375000000000002,1.4375000000000002,444,444,0.9,63.0,0,1,0,0,1,0,0,1
447,83,1,8,4,1.09,1.3625,1.703125,1.703125,444,444,0.9,55.0,0,1,0,1,0,0,1,0
448,61,0,11,10,0.83,0.83,1.0374999999999999,1.0374999999999999,444,444,0.9,44.0,1,0,0,0,1,1,0,0
449,47,1,3,10,0.95,1.1875,1.484375,1.484375,450,450,0.8999999999999999,23.0,0,1,0,1,0,1,0,0
450,84,0,9,4,0.64,0.64,0.8,0.68,450,450,0.8999999999999999,25.0,0,0,1,1,0,0,0,1
451,0,1,14,5,0.41,0.5125,0.5125,0.5125,450,450,0.8999999999999999,30.0,0,1,0,1,0,0,0,1
452,12,0,21,9,0.57,0.57,0.7124999999999999,0.7124999999999999,450,450,0.8999999999999999,78.0,0,1,0,1,0,1,0,0
453,42,0,14,11,0.95,0.95,1.1875,1.1875,450,450,0.8999999999999999,39.0,0,1,0,0,1,1,0,0
454,70,0,17,11,0.58,0.58,0.725,0.61625,455,455,0.8925,36.0,0,0,1,0,1,1,0,0
455,21,0,10,6,1.0,1.0,1.0,1.0,455,455,0.8925,60.0,0,1,0,1,0,0,0,1
456,17,0,17,3,0.54,0.54,0.54,0.54,455,455,0.8925,45.0,0,1,0,1,0,0,1,0
457,19,1,13,8,1.04,1.3,1.3,1.3,455,455,0.8925,49.0,1,0,0,1,0,0,1,0
458,60,0,16,10,1.07,1.07,1.3375000000000001,1.136875,455,455,0.8925,74.0,0,0,1,1,0,0,0,1
459,7,1,21,12,0.99,1.2375,1.546875,1.546875,455,455,0.8925,70.0,1,0,0,0,1,1,0,0
460,67,1,14,3,0.99,1.2375,1.2375,1.0518750000000001,455,455,0.8925,47.0,0,0,1,1,0,0,1,0
461,59,1,19,9,0.56,0.7000000000000001,0.8750000000000001,0.74375,455,455,0.8925,81.0,0,0,1,1,0,1,0,0
462,24,0,8,4,0.74,0.74,0.74,0.629,455,455,0.8925,74.0,0,0,1,1,0,0,0,1
463,56,1,5,7,0.72,0.8999999999999999,0.8999999999999999,0.7649999999999999,464,464,0.8906249999999999,56.0,0,0,1,0,1,1,0,0
464,25,0,16,11,0.47,0.47,0.5874999999999999,0.4993749999999999,464,464,0.8906249999999999,44.0,0,0,1,1,0,1,0,0
465,22,1,2,10,0.53,0.6625000000000001,0.8281250000000001,0.8281250000000001,466,466,0.89,28.0,0,1,0,1,0,0,0,1
466,42,0,19,8,0.8,0.8,0.8,0.68,466,466,0.89,49.0,0,0,1,0,1,0,1,0
467,38,1,18,7,0.94,1.1749999999999998,1.1749999999999998,0.9987499999999998,468,468,0.8898437499999999,51.0,0,0,1,1,0,1,0,0
468,75,0,10,9,0.64,0.64,0.8,0.68,468,468,0.8898437499999999,21.0,0,0,1,1,0,1,0,0
469,50,0,14,10,1.0,1.0,1.25,1.0625,468,468,0.8898437499999999,20.0,0,0,1,1,0,0,0,1
470,50,1,4,7,0.97,1.2125,1.2125,1.030625,471,471,0.8875,31.0,0,0,1,1,0,0,1,0
471,95,1,18,9,0.74,0.925,1.15625,0.9828125,471,471,0.8875,54.0,0,0,1,0,1,0,0,1
472,9,0,7,10,0.59,0.59,0.7374999999999999,0.7374999999999999,473,473,0.884,22.0,1,0,0,0,1,1,0,0
473,99,1,20,5,0.94,1.1749999999999998,1.4687499999999998,1.4687499999999998,473,473,0.884,65.0,1,0,0,0,1,1,0,0
474,31,1,15,10,0.86,1.075,1.34375,1.1421875,475,475,0.8818749999999999,42.0,0,0,1,0,1,1,0,0
475,7,1,9,3,1.01,1.2625,1.2625,1.2625,475,475,0.8818749999999999,20.0,1,0,0,0,1,1,0,0
476,25,0,16,10,0.53,0.53,0.6625000000000001,0.5631250000000001,475,475,0.8818749999999999,49.0,0,0,1,1,0,0,0,1
477,43,0,11,8,0.54,0.54,0.54,0.54,478,478,0.88,26.0,0,1,0,1,0,1,0,0
478,89,0,12,9,1.04,1.04,1.3,1.105,478,478,0.88,64.0,0,0,1,0,1,1,0,0
479,73,0,15,7,0.53,0.53,0.53,0.53,478,478,0.88,70.0,0,1,0,1,0,1,0,0
480,25,1,10,7,0.41,0.5125,0.5125,0.43562499999999993,478,478,0.88,42.0,0,0,1,0,1,0,0,1
481,97,1,8,2,0.87,1.0875,1.359375,1.15546875,478,478,0.88,62.0,0,0,1,0,1,0,0,1
482,13,0,13,7,0.56,0.56,0.56,0.56,483,483,0.8765625,82.0,1,0,0,1,0,1,0,0
483,82,1,14,7,0.87,1.0875,1.359375,1.15546875,483,483,0.8765625,60.0,0,0,1,0,1,1,0,0
484,29,0,11,4,0.61,0.61,0.61,0.61,485,485,0.8755,51.0,0,1,0,0,1,0,0,1
485,46,1,13,4,0.67,0.8375,0.8375,0.8375,486,486,0.875,77.0,0,1,0,0,1,0,1,0
486,69,0,8,6,0.92,0.92,0.92,0.92,486,486,0.875,55.0,0,1,0,1,0,0,0,1
487,83,1,19,3,0.4,0.5,0.625,0.625,486,486,0.875,55.0,0,1,0,0,1,0,1,0
488,4,1,6,1,0.54,0.675,0.675,0.675,486,486,0.875,27.0,0,1,0,0,1,0,0,1
489,68,1,10,3,0.63,0.7875,0.7875,0.7875,486,486,0.875,46.0,1,0,0,1,0,1,0,0
490,72,1,10,9,0.71,0.8875,1.109375,0.94296875,486,486,0.875,46.0,0,0,1,1,0,1,0,0
491,56,0,11,8,0.65,0.65,0.65,0.5525,492,492,0.8712499999999999,56.0,0,0,1,1,0,0,0,1
492,55,0,2,8,0.47,0.47,0.47,0.39949999999999997,492,492,0.8712499999999999,25.0,0,0,1,1,0,1,0,0
493,15,1,21,9,0.94,1.1749999999999998,1.4687499999999998,1.2484374999999999,494,494,0.867,77.0,0,0,1,1,0,0,0,1
494,39,0,14,7,0.47,0.47,0.47,0.47,495,495,0.86328125,44.0,1,0,0,0,1,0,1,0
495,86,1,10,10,0.78,0.9750000000000001,1.21875,1.21875,495,495,0.86328125,24.0,1,0,0,0,1,1,0,0
496,59,0,13,11,0.44,0.44,0.55,0.55,495,495,0.86328125,69.0,0,1,0,1,0,1,0,0
497,69,0,15,4,0.44,0.44,0.44,0.44,498,498,0.8606250000000001,61.0,1,0,0,1,0,1,0,0
498,56,0,6,9,0.94,0.94,1.1749999999999998,0.9987499999999998,498,498,0.8606250000000001,32.0,0,0,1,1,0,1,0,0
499,5,1,11,5,0.79,0.9875,0.9875,0.839375,500,500,0.86,67.0,0,0,1,1,0,0,1,0
500,82,0,16,10,0.54,0.54,0.675,0.57375,500,500,0.86,54.0,0,0,1,0,1,0,0,1
501,27,1,8,9,0.87,1.0875,1.359375,1.15546875,502,502,0.8584999999999999,45.0,0,0,1,0,1,1,0,0
502,10,1,17,7,1.04,1.3,1.3,1.3,502,502,0.8584999999999999,47.0,1,0,0,1,0,1,0,0
503,68,1,20,4,1.0,1.25,1.25,1.25,504,504,0.8500000000000001,61.0,0,1,0,0,1,0,1,0
504,30,1,19,9,0.51,0.6375,0.796875,0.67734375,504,504,0.8500000000000001,46.0,0,0,1,1,0,1,0,0
505,13,0,11,7,0.84,0.84,0.84,0.84,504,504,0.8500000000000001,76.0,0,1,0,0,1,1,0,0
506,44,0,4,7,0.59,0.59,0.59,0.59,507,507,0.85,41.0,1,0,0,0,1,0,0,1
507,94,1,19,8,0.69,0.8624999999999999,1.078125,0.91640625,507,507,0.85,47.0,0,0,1,1,0,0,1,0
508,6,1,13,9,1.1,1.375,1.71875,1.4609375,507,507,0.85,45.0,0,0,1,1,0,1,0,0
509,41,0,9,11,0.87,0.87,1.0875,1.0875,507,507,0.85,41.0,1,0,0,0,1,1,0,0
510,4,0,11,8,0.59,0.59,0.59,0.5015,507,507,0.85,48.0,0,0,1,0,1,1,0,0
511,57,0,12,9,0.76,0.76,0.95,0.95,507,507,0.85,22.0,0,1,0,0,1,0,0,1
512,81,0,9,8,0.85,0.85,1.0625,1.0625,513,513,0.8415,45.0,0,1,0,1,0,0,0,1
513,94,1,10,2,0.87,1.0875,1.359375,1.15546875,513,513,0.8415,67.0,0,0,1,1,0,0,1,0
514,72,1,10,9,0.95,1.1875,1.484375,1.26171875,515,515,0.839375,33.0,0,0,1,1,0,0,1,0
515,91,0,9,2,0.43,0.43,0.5375,0.456875,515,515,0.839375,50.0,0,0,1,1,0,0,0,1
516,75,1,5,9,0.9,1.125,1.40625,1.1953125,515,515,0.839375,20.0,0,0,1,0,1,1,0,0
517,87,1,11,8,0.75,0.9375,1.171875,1.171875,515,515,0.839375,57.0,0,1,0,1,0,0,1,0
518,79,0,12,4,0.79,0.79,0.79,0.79,515,515,0.839375,22.0,1,0,0,1,0,1,0,0
519,87,1,9,6,0.72,0.8999999999999999,1.125,0.9562499999999999,520,520,0.8375,67.0,0,0,1,1,0,0,1,0
520,33,0,12,9,1.1,1.1,1.375,1.375,520,520,0.8375,70.0,0,1,0,1,0,1,0,0
521,42,1,12,8,0.55,0.6875,0.6875,0.584375,520,520,0.8375,65.0,0,0,1,0,1,0,0,1
522,60,0,2,12,0.81,0.81,1.0125000000000002,1.0125000000000002,520,520,0.8375,30.0,0,1,0,0,1,1,0,0
523,44,1,11,6,1.08,1.35,1.35,1.35,524,524,0.83671875,71.0,1,0,0,0,1,1,0,0
524,79,1,8,7,0.81,1.0125000000000002,1.0125000000000002,1.0125000000000002,524,524,0.83671875,41.0,0,1,0,0,1,0,0,1
525,11,1,13,10,0.91,1.1375,1.421875,1.421875,526,526,0.833,67.0,0,1,0,0,1,0,0,1
526,26,1,14,12,0.89,1.1125,1.390625,1.1820312499999999,526,526,0.833,57.0,0,0,1,1,0,0,0,1
527,97,0,13,8,0.57,0.57,0.7124999999999999,0.7124999999999999,526,526,0.833,68.0,1,0,0,0,1,0,0,1
528,59,0,9,9,0.49,0.49,0.6125,0.6125,529,529,0.83,49.0,0,1,0,1,0,1,0,0
529,56,0,19,11,0.45,0.45,0.5625,0.5625,530,530,0.8287500000000001,48.0,0,1,0,1,0,1,0,0
530,18,0,12,4,0.79,0.79,0.79,0.6715,530,530,0.8287500000000001,23.0,0,0,1,1,0,1,0,0
531,71,1,9,6,0.74,0.925,0.925,0.78625,530,530,0.8287500000000001,40.0,0,0,1,1,0,1,0,0
532,61,0,8,8,0.47,0.47,0.47,0.39949999999999997,530,530,0.8287500000000001,35.0,0,0,1,0,1,0,0,1
533,55,0,9,3,0.74,0.74,0.74,0.629,530,530,0.8287500000000001,66.0,0,0,1,0,1,1,0,0
534,62,1,22,8,0.63,0.7875,0.7875,0.7875,530,530,0.8287500000000001,69.0,0,1,0,0,1,0,0,1
535,10,1,17,7,0.82,1.025,1.025,0.8712499999999999,536,536,0.8250000000000001,65.0,0,0,1,1,0,0,1,0
536,16,1,15,6,1.06,1.3250000000000002,1.3250000000000002,1.1262500000000002,536,536,0.8250000000000001,43.0,0,0,1,0,1,1,0,0
537,62,0,15,8,1.01,1.01,1.01,1.01,536,536,0.8250000000000001,27.0,1,0,0,0,1,0,0,1
538,41,0,15,7,0.65,0.65,0.65,0.65,536,536,0.8250000000000001,43.0,0,1,0,1,0,0,0,1
539,37,0,7,12,0.79,0.79,0.9875,0.839375,536,536,0.8250000000000001,24.0,0,0,1,1,0,1,0,0
540,80,0,5,10,0.63,0.63,0.7875,0.7875,536,536,0.8250000000000001,56.0,0,1,0,0,1,1,0,0
541,78,0,13,5,0.58,0.58,0.58,0.58,536,536,0.8250000000000001,45.0,1,0,0,1,0,0,1,0
542,10,0,16,9,0.42,0.42,0.525,0.525,536,536,0.8250000000000001,46.0,1,0,0,1,0,1,0,0
543,68,0,8,7,0.4,0.4,0.4,0.34,544,544,0.8245,71.0,0,0,1,0,1,1,0,0
544,60,1,2,6,0.44,0.55,0.55,0.55,544,544,0.8245,23.0,0,1,0,0,1,0,0,1
545,0,0,13,12,1.04,1.04,1.3,1.105,546,546,0.8234374999999999,44.0,0,0,1,1,0,1,0,0
546,99,0,5,7,0.76,0.76,0.95,0.8075,546,546,0.8234374999999999,49.0,0,0,1,1,0,1,0,0
547,37,1,9,10,0.93,1.1625,1.453125,1.453125,546,546,0.8234374999999999,48.0,0,1,0,1,0,1,0,0
548,69,0,13,9,0.66,0.66,0.8250000000000001,0.8250000000000001,549,549,0.82,37.0,1,0,0,0,1,1,0,0
549,42,1,12,12,0.61,0.7625,0.953125,0.953125,549,549,0.82,30.0,0,1,0,1,0,1,0,0
550,34,1,11,9,0.43,0.5375,0.671875,0.671875,551,551,0.818125,42.0,0,1,0,1,0,0,0,1
551,83,1,5,6,0.81,1.0125000000000002,1.2656250000000002,1.2656250000000002,552,552,0.816,45.0,0,1,0,1,0,0,1,0
552,12,1,13,3,0.9,1.125,1.125,0.9562499999999999,552,552,0.816,22.0,0,0,1,0,1,0,1,0
553,55,0,17,6,0.44,0.44,0.44,0.44,552,552,0.816,63.0,1,0,0,1,0,1,0,0
554,79,1,13,8,0.8,1.0,1.0,1.0,555,555,0.8125,26.0,0,1,0,1,0,1,0,0
555,23,0,12,7,0.66,0.66,0.66,0.66,555,555,0.8125,28.0,0,1,0,0,1,1,0,0
556,79,0,13,3,0.49,0.49,0.49,0.49,555,555,0.8125,49.0,0,1,0,0,1,0,0,1
557,46,0,13,9,0.95,0.95,1.1875,1.1875,555,555,0.8125,27.0,0,1,0,0,1,1,0,0
558,70,0,8,12,0.66,0.66,0.8250000000000001,0.8250000000000001,555,555,0.8125,74.0,0,1,0,0,1,1,0,0
559,60,0,13,6,0.82,0.82,0.82,0.82,555,555,0.8125,71.0,0,1,0,0,1,1,0,0
560,15,0,13,3,0.88,0.88,0.88,0.748,561,561,0.81015625,70.0,0,0,1,0,1,0,1,0
561,80,0,5,8,0.61,0.61,0.61,0.5185,562,562,0.81,67.0,0,0,1,1,0,0,1,0
562,4,1,13,10,0.78,0.9750000000000001,1.21875,1.0359375,563,563,0.8075,27.0,0,0,1,0,1,0,1,0
563,67,0,13,10,1.02,1.02,1.275,1.275,563,563,0.8075,54.0,1,0,0,0,1,1,0,0
564,87,1,20,9,0.86,1.075,1.34375,1.34375,563,563,0.8075,66.0,1,0,0,1,0,1,0,0
565,73,1,15,6,0.74,0.925,0.925,0.925,563,563,0.8075,66.0,0,1,0,0,1,1,0,0
566,17,1,12,10,0.89,1.1125,1.390625,1.390625,563,563,0.8075,57.0,0,1,0,1,0,1,0,0
567,40,1,14,7,0.74,0.925,0.925,0.78625,568,568,0.8,35.0,0,0,1,0,1,0,0,1
568,81,0,14,1,0.69,0.69,0.8624999999999999,0.7331249999999999,568,568,0.8,30.0,0,0,1,0,1,0,1,0
569,66,1,2,7,0.94,1.1749999999999998,1.1749999999999998,0.9987499999999998,568,568,0.8,20.0,0,0,1,1,0,0,1,0
570,53,1,18,8,0.82,1.025,1.025,0.8712499999999999,568,568,0.8,53.0,0,0,1,1,0,1,0,0
571,81,1,21,9,1.0,1.25,1.5625,1.328125,568,568,0.8,71.0,0,0,1,0,1,1,0,0
572,1,0,16,8,0.97,0.97,0.97,0.8245,568,568,0.8,79.0,0,0,1,0,1,1,0,0
573,49,1,18,7,0.47,0.5874999999999999,0.5874999999999999,0.5874999999999999,574,574,0.7989999999999999,56.0,0,1,0,1,0,0,0,1
574,69,0,12,7,0.62,0.62,0.62,0.527,575,575,0.796875,47.0,0,0,1,0,1,1,0,0
575,66,0,4,7,0.93,0.93,0.93,0.7905,575,575,0.796875,23.0,0,0,1,1,0,1,0,0
576,90,0,7,2,0.66,0.66,0.8250000000000001,0.8250000000000001,575,575,0.796875,78.0,1,0,0,0,1,0,0,1
577,33,1,9,9,0.49,0.6125,0.765625,0.765625,575,575,0.796875,45.0,0,1,0,0,1,1,0,0
578,64,0,11,9,0.65,0.65,0.8125,0.6906249999999999,575,575,0.796875,27.0,0,0,1,1,0,1,0,0
579,75,1,13,8,0.92,1.1500000000000001,1.1500000000000001,0.9775,575,575,0.796875,27.0,0,0,1,0,1,0,0,1
580,47,0,11,10,0.91,0.91,1.1375,0.9668749999999999,575,575,0.796875,48.0,0,0,1,1,0,1,0,0
581,3,1,13,8,0.83,1.0374999999999999,1.0374999999999999,1.0374999999999999,582,582,0.79,31.0,0,1,0,1,0,0,1,0
582,2,1,4,11,0.89,1.1125,1.390625,1.390625,583,583,0.7875,26.0,1,0,0,1,0,1,0,0
583,9,1,11,7,0.93,1.1625,1.1625,0.988125,583,583,0.7875,26.0,0,0,1,0,1,1,0,0
584,26,0,10,1,0.4,0.4,0.4,0.34,583,583,0.7875,70.0,0,0,1,1,0,0,0,1
585,27,0,15,3,0.41,0.41,0.41,0.41,583,583,0.7875,83.0,1,0,0,1,0,0,0,1
586,32,0,14,6,0.81,0.81,0.81,0.81,587,587,0.78625,25.0,1,0,0,0,1,0,1,0
587,95,1,1,8,0.83,1.0374999999999999,1.2968749999999998,1.2968749999999998,587,587,0.78625,27.0,1,0,0,0,1,0,1,0
588,83,0,18,8,0.58,0.58,0.725,0.725,587,587,0.78625,47.0,0,1,0,0,1,1,0,0
589,39,1,17,7,0.95,1.1875,1.1875,1.1875,590,590,0.7835937499999999,34.0,0,1,0,1,0,0,0,1
590,1,0,10,6,0.54,0.54,0.54,0.459,591,591,0.782,42.0,0,0,1,0,1,0,0,1
591,44,1,13,8,0.6,0.75,0.75,0.75,591,591,0.782,25.0,1,0,0,1,0,0,0,1
592,83,0,7,5,0.62,0.62,0.775,0.65875,591,591,0.782,56.0,0,0,1,0,1,0,0,1
593,13,0,20,8,0.94,0.94,0.94,0.7989999999999999,594,594,0.78125,66.0,0,0,1,0,1,1,0,0
594,21,1,8,3,0.49,0.6125,0.6125,0.6125,595,595,0.775625,48.0,1,0,0,1,0,0,0,1
595,6,1,10,8,0.95,1.1875,1.1875,1.009375,595,595,0.775625,63.0,0,0,1,1,0,0,0,1
596,57,1,9,5,0.44,0.55,0.55,0.4675,595,595,0.775625,43.0,0,0,1,0,1,1,0,0
597,29,0,1,11,0.61,0.61,0.7625,0.7625,595,595,0.775625,27.0,0,1,0,0,1,1,0,0
598,15,0,5,11,0.43,0.43,0.5375,0.5375,599,599,0.775,47.0,1,0,0,0,1,1,0,0
599,59,0,14,12,0.64,0.64,0.8,0.68,599,599,0.775,82.0,0,0,1,1,0,1,0,0
600,63,1,15,9,0.94,1.1749999999999998,1.4687499999999998,1.4687499999999998,599,599,0.775,25.0,1,0,0,0,1,1,0,0
601,68,1,11,11,1.03,1.2875,1.609375,1.609375,602,602,0.7735,24.0,1,0,0,0,1,1,0,0
602,45,1,10,7,0.51,0.6375,0.6375,0.541875,603,603,0.7703125,48.0,0,0,1,1,0,0,1,0
603,93,1,10,7,0.87,1.0875,1.359375,1.359375,604,604,0.765,60.0,1,0,0,0,1,0,0,1
604,27,1,12,10,0.84,1.05,1.3125,1.3125,604,604,0.765,55.0,1,0,0,1,0,0,0,1
605,33,0,20,9,0.67,0.67,0.8375,0.8375,606,606,0.7649999999999999,66.0,1,0,0,1,0,1,0,0
606,96,1,20,8,0.63,0.7875,0.984375,0.83671875,606,606,0.7649999999999999,66.0,0,0,1,0,1,1,0,0
607,80,1,12,6,0.64,0.8,0.8,0.68,606,606,0.7649999999999999,42.0,0,0,1,1,0,1,0,0
608,70,1,5,8,1.1,1.375,1.375,1.16875,609,609,0.7625,51.0,0,0,1,0,1,1,0,0
609,94,1,9,8,0.93,1.1625,1.453125,1.23515625,609,609,0.7625,23.0,0,0,1,1,0,1,0,0
610,65,0,16,7,0.99,0.99,0.99,0.99,609,609,0.7625,45.0,0,1,0,0,1,0,1,0
611,88,1,7,3,0.66,0.8250000000000001,1.03125,0.8765625,612,612,0.7570312499999999,52.0,0,0,1,1,0,0,1,0
612,29,1,17,8,0.4,0.5,0.5,0.5,612,612,0.7570312499999999,71.0,1,0,0,0,1,1,0,0
613,37,1,14,8,0.78,0.9750000000000001,0.9750000000000001,0.8287500000000001,612,612,0.7570312499999999,70.0,0,0,1,0,1,0,0,1
614,63,0,8,9,1.1,1.1,1.375,1.16875,615,615,0.7565,64.0,0,0,1,1,0,1,0,0
615,62,1,6,12,0.6,0.75,0.9375,0.796875,615,615,0.7565,58.0,0,0,1,0,1,1,0,0
616,47,1,17,11,0.47,0.5874999999999999,0.7343749999999999,0.7343749999999999,617,617,0.7543749999999999,65.0,1,0,0,1,0,1,0,0
617,49,0,8,7,0.63,0.63,0.63,0.5355,617,617,0.7543749999999999,48.0,0,0,1,1,0,0,1,0
618,61,0,16,9,0.92,0.92,1.1500000000000001,1.1500000000000001,617,617,0.7543749999999999,62.0,0,1,0,1,0,1,0,0
619,22,1,7,4,1.1,1.375,1.375,1.16875,620,620,0.75,53.0,0,0,1,1,0,0,1,0
620,88,1,6,2,0.57,0.7124999999999999,0.8906249999999999,0.7570312499999999,620,620,0.75,66.0,0,0,1,0,1,1,0,0
621,62,1,22,9,0.41,0.5125,0.640625,0.54453125,620,620,0.75,81.0,0,0,1,1,0,1,0,0
622,31,1,8,7,0.52,0.65,0.65,0.5525,620,620,0.75,23.0,0,0,1,0,1,0,1,0
623,11,0,19,9,1.03,1.03,1.2875,1.094375,620,620,0.75,54.0,0,0,1,0,1,0,1,0
624,97,1,5,9,0.96,1.2,1.5,1.5,625,625,0.748,61.0,1,0,0,1,0,0,1,0
625,51,1,6,9,0.96,1.2,1.5,1.5,626,626,0.74375,28.0,1,0,0,0,1,1,0,0
626,17,1,7,7,0.59,0.7374999999999999,0.7374999999999999,0.7374999999999999,626,626,0.74375,48.0,1,0,0,1,0,0,0,1
627,30,0,9,7,0.75,0.75,0.75,0.6375,626,626,0.74375,60.0,0,0,1,0,1,0,1,0
628,42,1,13,2,0.72,0.8999999999999999,0.8999999999999999,0.8999999999999999,626,626,0.74375,82.0,1,0,0,0,1,1,0,0
629,7,0,11,9,0.71,0.71,0.8875,0.7543749999999999,626,626,0.74375,76.0,0,0,1,0,1,1,0,0
630,43,1,16,7,0.78,0.9750000000000001,0.9750000000000001,0.9750000000000001,626,626,0.74375,34.0,0,1,0,0,1,1,0,0
631,86,1,17,5,0.73,0.9125,1.140625,0.96953125,632,632,0.74,59.0,0,0,1,1,0,0,1,0
632,3,1,13,8,0.62,0.775,0.775,0.65875,632,632,0.74,46.0,0,0,1,1,0,0,0,1
633,88,0,12,6,1.07,1.07,1.3375000000000001,1.136875,634,634,0.7394999999999999,24.0,0,0,1,0,1,0,1,0
634,96,1,16,5,0.46,0.5750000000000001,0.7187500000000001,0.6109375000000001,634,634,0.7394999999999999,67.0,0,0,1,0,1,0,1,0
635,23,0,18,1,1.0,1.0,1.0,1.0,634,634,0.7394999999999999,71.0,0,1,0,0,1,0,0,1
636,97,0,8,10,0.73,0.73,0.9125,0.9125,637,637,0.7374999999999999,43.0,0,1,0,0,1,1,0,0
637,31,1,11,6,0.88,1.1,1.1,1.1,637,637,0.7374999999999999,67.0,1,0,0,1,0,0,0,1
638,70,1,13,10,0.58,0.725,0.90625,0.90625,637,637,0.7374999999999999,71.0,1,0,0,1,0,1,0,0
639,18,0,14,8,1.03,1.03,1.03,1.03,637,637,0.7374999999999999,55.0,1,0,0,1,0,0,0,1
640,96,0,8,7,0.82,0.82,1.025,1.025,641,641,0.7343749999999999,53.0,0,1,0,1,0,0,1,0
641,42,0,13,8,0.46,0.46,0.46,0.391,642,642,0.7331249999999999,39.0,0,0,1,0,1,1,0,0
642,48,0,14,3,0.48,0.48,0.48,0.48,643,643,0.731,25.0,1,0,0,1,0,0,1,0
643,82,0,12,11,0.46,0.46,0.5750000000000001,0.48875,644,644,0.73046875,59.0,0,0,1,0,1,1,0,0
644,51,0,18,8,0.42,0.42,0.42,0.42,644,644,0.73046875,45.0,1,0,0,1,0,0,0,1
645,38,1,14,8,0.86,1.075,1.075,1.075,646,646,0.73,81.0,0,1,0,1,0,1,0,0
646,93,1,5,9,0.5,0.625,0.78125,0.78125,646,646,0.73,26.0,1,0,0,0,1,1,0,0
647,24,0,17,9,0.68,0.68,0.8500000000000001,0.7225,648,648,0.725,40.0,0,0,1,0,1,1,0,0
648,18,1,15,9,0.91,1.1375,1.421875,1.20859375,648,648,0.725,79.0,0,0,1,1,0,0,1,0
649,58,1,16,5,1.05,1.3125,1.3125,1.3125,648,648,0.725,63.0,0,1,0,0,1,1,0,0
650,42,0,5,8,0.7,0.7,0.7,0.595,651,651,0.7225,33.0,0,0,1,0,1,1,0,0
651,29,1,8,7,0.86,1.075,1.075,0.91375,651,651,0.7225,45.0,0,0,1,0,1,1,0,0
652,98,1,1,9,0.42,0.525,0.65625,0.5578124999999999,653,653,0.7187500000000001,24.0,0,0,1,1,0,0,0,1
653,86,1,17,5,0.98,1.225,1.53125,1.3015625,653,653,0.7187500000000001,63.0,0,0,1,1,0,0,0,1
654,11,1,15,12,0.98,1.225,1.53125,1.53125,655,655,0.7171875,70.0,0,1,0,1,0,0,0,1
655,2,1,19,12,0.9,1.125,1.40625,1.1953125,655,655,0.7171875,77.0,0,0,1,1,0,1,0,0
656,6,1,14,6,1.06,1.3250000000000002,1.3250000000000002,1.3250000000000002,657,657,0.714,36.0,0,1,0,1,0,0,0,1
657,34,1,9,7,1.1,1.375,1.375,1.375,658,658,0.7124999999999999,79.0,1,0,0,1,0,1,0,0
658,25,1,18,5,0.89,1.1125,1.1125,1.1125,658,658,0.7124999999999999,44.0,1,0,0,1,0,0,0,1
659,12,0,16,3,0.53,0.53,0.53,0.4505,658,658,0.7124999999999999,53.0,0,0,1,0,1,0,0,1
660,73,0,6,11,0.5,0.5,0.625,0.625,658,658,0.7124999999999999,30.0,0,1,0,0,1,0,0,1
661,94,1,20,8,0.48,0.6,0.75,0.75,662,662,0.711875,62.0,1,0,0,0,1,1,0,0
662,50,1,16,8,0.94,1.1749999999999998,1.1749999999999998,1.1749999999999998,662,662,0.711875,41.0,0,1,0,1,0,0,0,1
663,59,0,17,11,0.67,0.67,0.8375,0.8375,662,662,0.711875,81.0,0,1,0,1,0,1,0,0
664,43,1,0,4,0.66,0.8250000000000001,0.8250000000000001,0.8250000000000001,662,662,0.711875,47.0,0,1,0,0,1,0,0,1
665,13,0,10,7,0.6,0.6,0.6,0.51,666,666,0.71,61.0,0,0,1,0,1,1,0,0
666,41,0,12,7,0.56,0.56,0.56,0.47600000000000003,666,666,0.71,61.0,0,0,1,1,0,0,0,1
667,42,0,19,7,0.51,0.51,0.51,0.51,668,668,0.7054999999999999,80.0,0,1,0,1,0,0,0,1
668,52,1,9,8,0.69,0.8624999999999999,0.8624999999999999,0.8624999999999999,668,668,0.7054999999999999,45.0,0,1,0,0,1,1,0,0
669,50,1,22,2,0.86,1.075,1.075,0.91375,668,668,0.7054999999999999,47.0,0,0,1,1,0,0,1,0
670,3,0,9,10,0.98,0.98,1.225,1.225,668,668,0.7054999999999999,62.0,0,1,0,0,1,0,0,1
671,45,0,12,6,0.59,0.59,0.59,0.59,672,672,0.7039062500000001,65.0,1,0,0,1,0,0,1,0
672,5,0,11,11,0.68,0.68,0.8500000000000001,0.8500000000000001,672,672,0.7039062500000001,77.0,0,1,0,1,0,1,0,0
673,20,1,20,8,1.08,1.35,1.35,1.1475,674,674,0.703125,65.0,0,0,1,0,1,1,0,0
674,23,0,18,9,0.97,0.97,1.2125,1.030625,674,674,0.703125,81.0,0,0,1,1,0,0,0,1
675,73,0,12,9,0.54,0.54,0.675,0.675,676,676,0.70125,59.0,0,1,0,1,0,1,0,0
676,8,0,21,10,0.61,0.61,0.7625,0.648125,676,676,0.70125,69.0,0,0,1,1,0,1,0,0
677,99,0,15,8,0.56,0.56,0.7000000000000001,0.5950000000000001,676,676,0.70125,55.0,0,0,1,0,1,1,0,0
678,36,0,4,9,0.46,0.46,0.5750000000000001,0.48875,676,676,0.70125,25.0,0,0,1,1,0,1,0,0
679,93,1,7,12,0.46,0.5750000000000001,0.7187500000000001,0.6109375000000001,676,676,0.70125,51.0,0,0,1,0,1,1,0,0
680,70,1,9,7,0.66,0.8250000000000001,0.8250000000000001,0.8250000000000001,676,676,0.70125,25.0,1,0,0,1,0,1,0,0
681,17,0,12,9,0.48,0.48,0.6,0.6,682,682,0.7000000000000001,74.0,1,0,0,0,1,0,1,0
682,25,1,12,7,0.44,0.55,0.55,0.4675,682,682,0.7000000000000001,40.0,0,0,1,1,0,0,1,0
683,98,1,10,1,0.98,1.225,1.53125,1.3015625,684,684,0.7,43.0,0,0,1,1,0,1,0,0
684,58,0,7,2,0.68,0.68,0.68,0.68,684,684,0.7,44.0,0,1,0,0,1,0,0,1
685,95,1,3,6,0.69,0.8624999999999999,1.078125,0.91640625,684,684,0.7,41.0,0,0,1,1,0,1,0,0
686,67,1,2,8,0.47,0.5874999999999999,0.5874999999999999,0.4993749999999999,684,684,0.7,27.0,0,0,1,0,1,0,1,0
687,22,0,11,9,0.99,0.99,1.2375,1.0518750000000001,688,688,0.697,80.0,0,0,1,0,1,1,0,0
688,92,0,16,4,0.43,0.43,0.5375,0.5375,688,688,0.697,29.0,0,1,0,1,0,0,1,0
689,69,1,7,9,0.63,0.7875,0.984375,0.984375,688,688,0.697,83.0,0,1,0,0,1,1,0,0
690,53,1,5,8,1.07,1.3375000000000001,1.3375000000000001,1.3375000000000001,691,691,0.6906249999999999,29.0,1,0,0,1,0,0,0,1
691,42,1,13,8,0.81,1.0125000000000002,1.0125000000000002,0.8606250000000001,691,691,0.6906249999999999,43.0,0,0,1,0,1,1,0,0
692,70,0,18,9,0.81,0.81,1.0125000000000002,1.0125000000000002,691,691,0.6906249999999999,48.0,1,0,0,0,1,1,0,0
693,96,0,9,5,0.6,0.6,0.75,0.6375,691,691,0.6906249999999999,67.0,0,0,1,0,1,0,1,0
694,68,1,17,4,0.63,0.7875,0.7875,0.7875,691,691,0.6906249999999999,44.0,0,1,0,0,1,1,0,0
695,91,1,13,9,0.87,1.0875,1.359375,1.15546875,691,691,0.6906249999999999,30.0,0,0,1,0,1,1,0,0
696,75,0,18,3,0.79,0.79,0.79,0.79,691,691,0.6906249999999999,71.0,0,1,0,1,0,0,1,0
697,31,0,7,8,1.04,1.04,1.04,0.884,698,698,0.69,64.0,0,0,1,0,1,1,0,0
698,12,0,12,12,0.57,0.57,0.7124999999999999,0.7124999999999999,698,698,0.69,60.0,0,1,0,1,0,1,0,0
699,8,0,7,3,0.41,0.41,0.41,0.41,700,700,0.6875,47.0,0,1,0,1,0,0,1,0
700,44,1,7,8,0.48,0.6,0.6,0.6,700,700,0.6875,40.0,0,1,0,1,0,1,0,0
701,39,0,13,11,0.73,0.73,0.9125,0.9125,700,700,0.6875,47.0,0,1,0,1,0,1,0,0
702,97,0,6,8,0.62,0.62,0.775,0.65875,700,700,0.6875,56.0,0,0,1,0,1,1,0,0
703,44,0,13,9,0.87,0.87,1.0875,0.924375,700,700,0.6875,48.0,0,0,1,1,0,0,1,0
704,37,1,19,7,0.6,0.75,0.75,0.75,700,700,0.6875,68.0,1,0,0,1,0,0,0,1
705,99,0,16,11,1.01,1.01,1.2625,1.2625,700,700,0.6875,70.0,0,1,0,1,0,1,0,0
706,27,0,11,8,0.79,0.79,0.79,0.6715,700,700,0.6875,46.0,0,0,1,0,1,0,0,1
707,18,1,8,5,0.76,0.95,0.95,0.8075,708,708,0.68,75.0,0,0,1,0,1,1,0,0
708,64,0,2,7,0.46,0.46,0.46,0.391,708,708,0.68,22.0,0,0,1,1,0,1,0,0
709,57,1,14,8,0.53,0.6625000000000001,0.6625000000000001,0.6625000000000001,708,708,0.68,49.0,1,0,0,0,1,1,0,0
710,85,1,9,8,0.81,1.0125000000000002,1.2656250000000002,1.0757812500000001,708,708,0.68,38.0,0,0,1,1,0,0,0,1
711,14,1,6,9,0.93,1.1625,1.453125,1.23515625,708,708,0.68,38.0,0,0,1,0,1,0,1,0
712,28,1,18,2,0.68,0.8500000000000001,0.8500000000000001,0.8500000000000001,708,708,0.68,50.0,1,0,0,0,1,0,1,0
713,47,0,17,3,0.64,0.64,0.64,0.544,708,708,0.68,46.0,0,0,1,1,0,0,1,0
714,74,0,12,11,0.92,0.92,1.1500000000000001,1.1500000000000001,715,715,0.67734375,71.0,0,1,0,1,0,1,0,0
715,82,1,10,2,0.76,0.95,1.1875,1.009375,715,715,0.67734375,58.0,0,0,1,1,0,1,0,0
716,8,1,4,7,0.74,0.925,0.925,0.925,715,715,0.67734375,56.0,1,0,0,0,1,0,0,1
717,26,1,9,10,0.6,0.75,0.9375,0.796875,715,715,0.67734375,55.0,0,0,1,1,0,0,1,0
718,15,1,9,9,0.74,0.925,1.15625,1.15625,719,719,0.675,22.0,1,0,0,1,0,0,0,1
719,71,1,7,9,0.54,0.675,0.84375,0.7171875,719,719,0.675,55.0,0,0,1,0,1,1,0,0
720,12,0,5,4,1.07,1.07,1.07,0.9095,719,719,0.675,43.0,0,0,1,0,1,1,0,0
721,71,1,5,8,0.98,1.225,1.225,1.04125,722,722,0.6715,49.0,0,0,1,0,1,1,0,0
722,36,0,17,6,0.59,0.59,0.59,0.5015,722,722,0.6715,56.0,0,0,1,0,1,0,0,1
723,40,1,21,11,1.1,1.375,1.71875,1.71875,724,724,0.67,44.0,1,0,0,1,0,0,0,1
724,54,1,10,9,0.87,1.0875,1.359375,1.15546875,725,725,0.6693749999999999,52.0,0,0,1,1,0,1,0,0
725,83,0,16,9,0.94,0.94,1.1749999999999998,0.9987499999999998,725,725,0.6693749999999999,51.0,0,0,1,0,1,0,0,1
726,37,1,9,10,0.87,1.0875,1.359375,1.359375,725,725,0.6693749999999999,24.0,0,1,0,0,1,1,0,0
727,75,1,10,7,0.47,0.5874999999999999,0.5874999999999999,0.4993749999999999,725,725,0.6693749999999999,28.0,0,0,1,0,1,1,0,0
728,28,1,12,11,1.07,1.3375000000000001,1.6718750000000002,1.6718750000000002,725,725,0.6693749999999999,65.0,1,0,0,0,1,1,0,0
729,60,1,16,9,0.71,0.8875,1.109375,1.109375,725,725,0.6693749999999999,60.0,1,0,0,1,0,1,0,0
730,87,1,11,10,0.68,0.8500000000000001,1.0625,0.903125,731,731,0.6640625,24.0,0,0,1,0,1,1,0,0
731,40,1,5,5,0.61,0.7625,0.7625,0.648125,731,731,0.6640625,29.0,0,0,1,1,0,0,1,0
732,94,1,9,9,0.63,0.7875,0.984375,0.83671875,733,733,0.6625000000000001,76.0,0,0,1,1,0,0,1,0
733,35,0,15,2,0.77,0.77,0.77,0.6545,733,733,0.6625000000000001,30.0,0,0,1,0,1,0,1,0
734,17,1,5,9,0.82,1.025,1.28125,1.0890625,733,733,0.6625000000000001,40.0,0,0,1,0,1,1,0,0
735,11,1,9,7,0.46,0.5750000000000001,0.5750000000000001,0.48875,733,733,0.6625000000000001,31.0,0,0,1,0,1,0,1,0
736,68,1,6,7,0.59,0.7374999999999999,0.7374999999999999,0.626875,733,733,0.6625000000000001,55.0,0,0,1,1,0,0,1,0
737,52,1,17,7,0.86,1.075,1.075,1.075,733,733,0.6625000000000001,58.0,0,1,0,0,1,0,1,0
738,48,0,16,9,1.06,1.06,1.3250000000000002,1.3250000000000002,739,739,0.66,46.0,0,1,0,0,1,1,0,0
739,42,1,19,1,1.02,1.275,1.275,1.275,739,739,0.66,74.0,1,0,0,1,0,0,1,0
740,49,0,9,5,0.6,0.6,0.6,0.6,741,741,0.65875,82.0,0,1,0,1,0,0,1,0
741,68,1,11,9,0.48,0.6,0.75,0.6375,741,741,0.65875,47.0,0,0,1,0,1,1,0,0
742,97,1,10,6,0.85,1.0625,1.328125,1.12890625,741,741,0.65875,20.0,0,0,1,0,1,0,0,1
743,70,1,17,9,1.09,1.3625,1.703125,1.703125,744,744,0.65625,73.0,1,0,0,1,0,0,1,0
744,87,0,11,2,0.47,0.47,0.5874999999999999,0.4993749999999999,744,744,0.65625,23.0,0,0,1,0,1,1,0,0
745,43,0,8,10,0.83,0.83,1.0374999999999999,1.0374999999999999,744,744,0.65625,45.0,1,0,0,0,1,1,0,0
746,86,0,7,3,0.51,0.51,0.6375,0.541875,747,747,0.6545,41.0,0,0,1,1,0,0,1,0
747,25,1,5,7,0.96,1.2,1.2,1.02,748,748,0.65078125,59.0,0,0,1,1,0,0,1,0
748,99,1,21,9,1.04,1.3,1.625,1.3812499999999999,748,748,0.65078125,46.0,0,0,1,0,1,0,1,0
749,7,0,11,12,0.4,0.4,0.5,0.5,750,750,0.65,50.0,1,0,0,1,0,1,0,0
750,33,1,20,2,1.03,1.2875,1.2875,1.094375,751,751,0.648125,71.0,0,0,1,0,1,0,0,1
751,20,1,14,7,0.63,0.7875,0.7875,0.7875,751,751,0.648125,47.0,0,1,0,0,1,0,0,1
752,45,1,15,9,1.09,1.3625,1.703125,1.4476562499999999,751,751,0.648125,61.0,0,0,1,1,0,0,0,1
753,35,0,16,8,0.49,0.49,0.49,0.4165,754,754,0.646,56.0,0,0,1,0,1,1,0,0
754,87,0,12,7,1.06,1.06,1.3250000000000002,1.1262500000000002,755,755,0.64,47.0,0,0,1,1,0,0,0,1
755,80,0,10,5,0.83,0.83,0.83,0.83,755,755,0.64,52.0,1,0,0,0,1,0,1,0
756,22,1,6,6,0.75,0.9375,0.9375,0.9375,755,755,0.64,25.0,1,0,0,0,1,0,0,1
757,32,1,6,11,0.93,1.1625,1.453125,1.23515625,755,755,0.64,48.0,0,0,1,1,0,1,0,0
758,69,0,17,7,0.46,0.46,0.46,0.46,755,755,0.64,39.0,0,1,0,0,1,1,0,0
759,79,0,17,4,0.46,0.46,0.46,0.46,760,760,0.6375,43.0,0,1,0,1,0,1,0,0
760,51,0,21,3,0.9,0.9,0.9,0.9,760,760,0.6375,48.0,1,0,0,0,1,0,1,0
761,5,0,7,7,1.05,1.05,1.05,0.8925,760,760,0.6375,34.0,0,0,1,0,1,0,1,0
762,6,0,16,1,0.53,0.53,0.53,0.53,760,760,0.6375,71.0,1,0,0,0,1,0,1,0
763,52,0,8,12,0.44,0.44,0.55,0.55,760,760,0.6375,19.0,1,0,0,0,1,1,0,0
764,93,1,15,9,0.4,0.5,0.625,0.625,760,760,0.6375,38.0,1,0,0,0,1,0,0,1
765,37,1,11,7,0.5,0.625,0.625,0.625,760,760,0.6375,61.0,0,1,0,0,1,0,1,0
766,89,0,8,4,0.5,0.5,0.625,0.625,760,760,0.6375,22.0,1,0,0,0,1,1,0,0
767,4,1,6,8,0.46,0.5750000000000001,0.5750000000000001,0.5750000000000001,760,760,0.6375,31.0,1,0,0,1,0,1,0,0
768,11,1,9,10,0.66,0.8250000000000001,1.03125,0.8765625,760,760,0.6375,56.0,0,0,1,1,0,1,0,0
769,86,1,13,6,0.54,0.675,0.84375,0.84375,760,760,0.6375,83.0,0,1,0,1,0,0,1,0
770,86,0,22,8,0.6,0.6,0.75,0.6375,760,760,0.6375,74.0,0,0,1,1,0,0,0,1
771,23,0,4,3,0.46,0.46,0.46,0.46,760,760,0.6375,37.0,1,0,0,1,0,1,0,0
772,47,1,9,8,0.67,0.8375,0.8375,0.8375,773,773,0.63,68.0,0,1,0,0,1,1,0,0
773,11,1,4,9,0.8,1.0,1.25,1.0625,774,774,0.626875,32.0,0,0,1,1,0,0,0,1
774,46,0,10,10,0.63,0.63,0.7875,0.7875,774,774,0.626875,28.0,0,1,0,0,1,1,0,0
775,62,0,5,1,1.0,1.0,1.0,1.0,774,774,0.626875,47.0,1,0,0,0,1,0,0,1
776,73,1,14,9,0.79,0.9875,1.234375,1.0492187499999999,774,774,0.626875,33.0,0,0,1,1,0,0,0,1
777,38,0,18,10,0.92,0.92,1.1500000000000001,1.1500000000000001,778,778,0.625,55.0,1,0,0,1,0,1,0,0
778,40,1,6,8,0.93,1.1625,1.1625,0.988125,778,778,0.625,49.0,0,0,1,0,1,1,0,0
779,46,1,6,12,0.6,0.75,0.9375,0.796875,780,780,0.6242187499999999,25.0,0,0,1,1,0,0,0,1
780,30,0,10,10,0.94,0.94,1.1749999999999998,0.9987499999999998,780,780,0.6242187499999999,40.0,0,0,1,1,0,1,0,0
781,35,1,10,5,0.75,0.9375,0.9375,0.9375,782,782,0.6204999999999999,57.0,1,0,0,1,0,0,1,0
782,55,0,8,10,0.65,0.65,0.8125,0.8125,782,782,0.6204999999999999,66.0,0,1,0,0,1,0,0,1
783,98,0,12,9,0.99,0.99,1.2375,1.0518750000000001,782,782,0.6204999999999999,29.0,0,0,1,0,1,1,0,0
784,66,0,9,10,0.95,0.95,1.1875,1.1875,785,785,0.62,27.0,1,0,0,0,1,1,0,0
785,89,0,6,10,0.97,0.97,1.2125,1.2125,786,786,0.61625,65.0,0,1,0,0,1,1,0,0
786,48,1,11,12,0.47,0.5874999999999999,0.7343749999999999,0.7343749999999999,786,786,0.61625,64.0,0,1,0,1,0,0,0,1
787,1,0,7,10,0.7,0.7,0.875,0.875,788,788,0.6125,39.0,0,1,0,0,1,1,0,0
788,49,0,9,2,1.01,1.01,1.01,1.01,788,788,0.6125,41.0,1,0,0,1,0,0,1,0
789,32,1,9,10,0.87,1.0875,1.359375,1.15546875,788,788,0.6125,29.0,0,0,1,1,0,1,0,0
790,93,1,11,6,1.09,1.3625,1.703125,1.703125,791,791,0.612,47.0,1,0,0,1,0,1,0,0
791,4,0,7,10,0.91,0.91,1.1375,0.9668749999999999,791,791,0.612,48.0,0,0,1,0,1,0,0,1
792,79,0,18,6,0.66,0.66,0.66,0.66,793,793,0.6109375000000001,67.0,0,1,0,1,0,1,0,0
793,21,0,9,12,0.91,0.91,1.1375,0.9668749999999999,794,794,0.6056249999999999,66.0,0,0,1,0,1,1,0,0
794,61,0,13,9,0.74,0.74,0.925,0.925,795,795,0.6034999999999999,70.0,1,0,0,1,0,1,0,0
795,1,0,10,2,0.77,0.77,0.77,0.6545,795,795,0.6034999999999999,52.0,0,0,1,0,1,0,1,0
796,47,1,13,12,0.99,1.2375,1.546875,1.3148437499999999,797,797,0.6,55.0,0,0,1,1,0,0,0,1
797,7,0,12,9,0.48,0.48,0.6,0.51,797,797,0.6,83.0,0,0,1,0,1,1,0,0
798,0,0,13,9,0.76,0.76,0.95,0.95,797,797,0.6,40.0,1,0,0,1,0,1,0,0
799,77,0,22,10,0.79,0.79,0.9875,0.9875,797,797,0.6,72.0,1,0,0,0,1,1,0,0
800,64,0,17,8,0.87,0.87,0.87,0.87,801,801,0.59765625,39.0,0,1,0,1,0,1,0,0
801,25,1,14,11,1.02,1.275,1.59375,1.3546875,801,801,0.59765625,47.0,0,0,1,1,0,1,0,0
802,77,0,11,10,0.97,0.97,1.2125,1.030625,801,801,0.59765625,41.0,0,0,1,1,0,1,0,0
803,79,0,21,5,0.86,0.86,0.86,0.731,804,804,0.5950000000000001,70.0,0,0,1,0,1,0,1,0
804,71,1,11,8,0.95,1.1875,1.1875,1.009375,804,804,0.5950000000000001,74.0,0,0,1,0,1,1,0,0
805,12,0,20,7,0.4,0.4,0.4,0.4,804,804,0.5950000000000001,69.0,0,1,0,1,0,0,0,1
806,83,0,16,9,0.43,0.43,0.5375,0.5375,804,804,0.5950000000000001,57.0,1,0,0,0,1,0,1,0
807,67,0,21,11,0.86,0.86,1.075,1.075,808,808,0.595,81.0,0,1,0,0,1,1,0,0
808,94,0,8,7,0.49,0.49,0.6125,0.520625,808,808,0.595,36.0,0,0,1,0,1,1,0,0
809,46,0,15,6,0.41,0.41,0.41,0.41,810,810,0.5874999999999999,60.0,1,0,0,1,0,0,0,1
810,94,1,9,10,1.02,1.275,1.59375,1.59375,810,810,0.5874999999999999,53.0,1,0,0,1,0,1,0,0
811,69,0,20,1,0.97,0.97,0.97,0.8245,810,810,0.5874999999999999,76.0,0,0,1,0,1,0,1,0
812,39,1,9,7,0.59,0.7374999999999999,0.7374999999999999,0.7374999999999999,810,810,0.5874999999999999,43.0,1,0,0,1,0,1,0,0
813,72,1,15,4,0.74,0.925,0.925,0.925,810,810,0.5874999999999999,30.0,0,1,0,0,1,0,0,1
814,61,0,22,5,0.44,0.44,0.44,0.44,810,810,0.5874999999999999,69.0,0,1,0,1,0,0,1,0
815,34,0,3,7,0.9,0.9,0.9,0.9,810,810,0.5874999999999999,21.0,1,0,0,0,1,1,0,0
816,38,0,5,8,0.66,0.66,0.66,0.561,817,817,0.5864999999999999,61.0,0,0,1,0,1,0,1,0
817,42,1,17,10,0.48,0.6,0.75,0.6375,817,817,0.5864999999999999,81.0,0,0,1,0,1,1,0,0
818,1,0,17,10,1.03,1.03,1.2875,1.2875,817,817,0.5864999999999999,56.0,1,0,0,0,1,0,0,1
819,65,0,14,8,0.91,0.91,0.91,0.91,820,820,0.584375,33.0,1,0,0,0,1,0,0,1
820,96,0,12,8,0.85,0.85,1.0625,1.0625,820,820,0.584375,33.0,0,1,0,0,1,0,0,1
821,70,0,17,8,0.97,0.97,0.97,0.97,820,820,0.584375,43.0,1,0,0,0,1,0,0,1
822,46,1,14,8,0.79,0.9875,0.9875,0.839375,820,820,0.584375,55.0,0,0,1,0,1,1,0,0
823,36,0,16,7,0.68,0.68,0.68,0.5780000000000001,820,820,0.584375,44.0,0,0,1,0,1,0,1,0
824,11,1,7,8,0.68,0.8500000000000001,0.8500000000000001,0.7225,820,820,0.584375,48.0,0,0,1,1,0,1,0,0
825,43,0,9,6,0.86,0.86,0.86,0.731,820,820,0.584375,50.0,0,0,1,1,0,0,0,1
826,21,0,4,9,0.7,0.7,0.875,0.74375,820,820,0.584375,26.0,0,0,1,0,1,1,0,0
827,49,0,9,8,0.96,0.96,0.96,0.96,828,828,0.58,21.0,0,1,0,1,0,0,1,0
828,60,1,15,7,0.75,0.9375,0.9375,0.9375,828,828,0.58,58.0,0,1,0,1,0,1,0,0
829,67,1,5,12,0.91,1.1375,1.421875,1.20859375,830,830,0.5780000000000001,29.0,0,0,1,1,0,1,0,0
830,24,0,12,4,0.72,0.72,0.72,0.72,830,830,0.5780000000000001,59.0,1,0,0,1,0,0,0,1
831,29,1,4,11,0.58,0.725,0.90625,0.90625,832,832,0.5750000000000001,48.0,0,1,0,1,0,1,0,0
832,66,1,10,10,0.75,0.9375,1.171875,0.99609375,832,832,0.5750000000000001,54.0,0,0,1,1,0,1,0,0
833,56,0,11,5,0.48,0.48,0.48,0.48,832,832,0.5750000000000001,59.0,0,1,0,0,1,0,0,1
834,79,0,15,7,0.4,0.4,0.4,0.34,832,832,0.5750000000000001,58.0,0,0,1,0,1,0,1,0
835,88,0,13,11,0.64,0.64,0.8,0.68,832,832,0.5750000000000001,47.0,0,0,1,0,1,1,0,0
836,79,1,7,8,0.84,1.05,1.05,1.05,832,832,0.5750000000000001,42.0,1,0,0,0,1,0,1,0
837,7,1,13,10,1.04,1.3,1.625,1.3812499999999999,838,838,0.57375,70.0,0,0,1,0,1,0,0,1
838,66,0,7,8,0.84,0.84,0.84,0.714,838,838,0.57375,27.0,0,0,1,0,1,1,0,0
839,94,0,11,8,0.55,0.55,0.6875,0.584375,840,840,0.57109375,82.0,0,0,1,0,1,1,0,0
840,74,1,19,8,0.94,1.1749999999999998,1.1749999999999998,0.9987499999999998,840,840,0.57109375,73.0,0,0,1,0,1,1,0,0
841,47,0,11,12,1.01,1.01,1.2625,1.2625,842,842,0.57,42.0,1,0,0,0,1,1,0,0
842,79,1,6,7,1.05,1.3125,1.3125,1.3125,843,843,0.5695,63.0,0,1,0,1,0,1,0,0
843,25,0,12,9,1.04,1.04,1.3,1.105,843,843,0.5695,20.0,0,0,1,1,0,1,0,0
844,21,0,7,4,0.52,0.52,0.52,0.442,845,845,0.5631250000000001,48.0,0,0,1,1,0,0,1,0
845,22,0,3,5,1.06,1.06,1.06,0.901,845,845,0.5631250000000001,27.0,0,0,1,0,1,1,0,0
846,60,1,3,8,0.75,0.9375,0.9375,0.796875,845,845,0.5631250000000001,26.0,0,0,1,1,0,0,1,0
847,42,1,5,8,0.93,1.1625,1.1625,0.988125,845,845,0.5631250000000001,39.0,0,0,1,0,1,0,0,1
848,62,1,10,7,0.44,0.55,0.55,0.55,845,845,0.5631250000000001,24.0,0,1,0,1,0,1,0,0
849,66,0,12,4,1.1,1.1,1.1,1.1,845,845,0.5631250000000001,64.0,0,1,0,0,1,0,1,0
850,46,0,12,2,0.69,0.69,0.69,0.69,851,851,0.5625,62.0,0,1,0,1,0,0,0,1
851,63,0,17,9,0.98,0.98,1.225,1.04125,851,851,0.5625,65.0,0,0,1,1,0,1,0,0
852,62,1,1,8,0.88,1.1,1.1,0.935,851,851,0.5625,23.0,0,0,1,0,1,1,0,0
853,29,1,9,10,0.64,0.8,1.0,1.0,854,854,0.561,79.0,1,0,0,1,0,0,0,1
854,45,1,5,10,0.58,0.725,0.90625,0.90625,854,854,0.561,41.0,0,1,0,1,0,1,0,0
855,24,1,18,7,0.79,0.9875,0.9875,0.9875,856,856,0.56,43.0,1,0,0,0,1,0,0,1
856,32,1,11,2,0.92,1.1500000000000001,1.1500000000000001,1.1500000000000001,856,856,0.56,68.0,1,0,0,0,1,0,1,0
857,67,1,22,9,0.62,0.775,0.96875,0.96875,856,856,0.56,82.0,1,0,0,1,0,1,0,0
858,88,1,12,10,0.99,1.2375,1.546875,1.546875,859,859,0.5578124999999999,62.0,1,0,0,0,1,1,0,0
859,47,0,15,6,0.55,0.55,0.55,0.55,859,859,0.5578124999999999,63.0,0,1,0,1,0,0,1,0
860,37,1,8,6,1.08,1.35,1.35,1.35,859,859,0.5578124999999999,42.0,0,1,0,0,1,0,0,1
861,42,0,3,7,0.43,0.43,0.43,0.43,862,862,0.5525,41.0,1,0,0,0,1,0,0,1
862,54,0,10,7,0.7,0.7,0.7,0.7,862,862,0.5525,68.0,1,0,0,0,1,1,0,0
863,2,1,7,9,0.64,0.8,1.0,1.0,862,862,0.5525,21.0,1,0,0,1,0,1,0,0
864,32,0,4,8,1.0,1.0,1.0,0.85,865,865,0.55,31.0,0,0,1,1,0,0,0,1
865,57,1,21,2,0.53,0.6625000000000001,0.6625000000000001,0.6625000000000001,865,865,0.55,74.0,0,1,0,0,1,0,0,1
866,99,0,14,10,0.93,0.93,1.1625,1.1625,865,865,0.55,57.0,0,1,0,1,0,0,1,0
867,11,1,12,11,0.84,1.05,1.3125,1.3125,865,865,0.55,60.0,0,1,0,0,1,1,0,0
868,87,0,8,9,0.98,0.98,1.225,1.04125,865,865,0.55,63.0,0,0,1,1,0,0,0,1
869,95,1,12,11,0.41,0.5125,0.640625,0.54453125,870,870,0.544,47.0,0,0,1,0,1,1,0,0
870,47,0,4,12,0.53,0.53,0.6625000000000001,0.5631250000000001,871,871,0.541875,54.0,0,0,1,1,0,1,0,0
871,76,1,7,3,0.43,0.5375,0.5375,0.5375,871,871,0.541875,60.0,0,1,0,1,0,1,0,0
872,37,0,8,6,1.05,1.05,1.05,1.05,871,871,0.541875,68.0,0,1,0,1,0,1,0,0
873,50,1,21,10,0.55,0.6875,0.859375,0.73046875,871,871,0.541875,47.0,0,0,1,1,0,0,0,1
874,88,0,11,7,0.43,0.43,0.5375,0.5375,871,871,0.541875,47.0,1,0,0,0,1,0,0,1
875,58,1,1,8,0.5,0.625,0.625,0.625,871,871,0.541875,26.0,1,0,0,0,1,0,0,1
876,57,0,19,11,0.82,0.82,1.025,0.8712499999999999,877,877,0.54,65.0,0,0,1,1,0,1,0,0
877,43,1,13,9,0.47,0.5874999999999999,0.7343749999999999,0.7343749999999999,877,877,0.54,73.0,1,0,0,0,1,0,1,0
878,30,1,13,10,0.81,1.0125000000000002,1.2656250000000002,1.2656250000000002,879,879,0.5375,27.0,0,1,0,1,0,1,0,0
879,44,0,19,4,0.8,0.8,0.8,0.8,879,879,0.5375,55.0,1,0,0,0,1,1,0,0
880,67,0,7,9,0.74,0.74,0.925,0.925,879,879,0.5375,80.0,0,1,0,0,1,0,1,0
881,63,1,9,6,1.08,1.35,1.35,1.1475,882,882,0.5355,48.0,0,0,1,0,1,0,1,0
882,22,1,13,3,1.01,1.2625,1.2625,1.2625,883,883,0.53125,24.0,1,0,0,1,0,0,0,1
883,24,0,2,10,0.64,0.64,0.8,0.8,883,883,0.53125,47.0,1,0,0,0,1,1,0,0
884,48,0,14,7,0.86,0.86,0.86,0.731,883,883,0.53125,57.0,0,0,1,0,1,0,0,1
885,40,1,20,7,0.42,0.525,0.525,0.525,883,883,0.53125,83.0,1,0,0,0,1,1,0,0
886,52,0,11,9,1.07,1.07,1.3375000000000001,1.136875,883,883,0.53125,27.0,0,0,1,0,1,1,0,0
887,27,1,5,9,0.93,1.1625,1.453125,1.453125,888,888,0.525,64.0,1,0,0,1,0,1,0,0
888,72,0,5,9,0.89,0.89,1.1125,1.1125,888,888,0.525,41.0,1,0,0,1,0,0,0,1
889,64,0,16,6,0.67,0.67,0.67,0.67,888,888,0.525,50.0,1,0,0,0,1,1,0,0
890,57,1,9,1,0.44,0.55,0.55,0.4675,888,888,0.525,65.0,0,0,1,0,1,0,0,1
891,51,1,6,12,0.56,0.7000000000000001,0.8750000000000001,0.74375,888,888,0.525,49.0,0,0,1,0,1,1,0,0
892,11,1,15,3,0.56,0.7000000000000001,0.7000000000000001,0.7000000000000001,893,893,0.520625,22.0,0,1,0,1,0,1,0,0
893,31,0,5,9,0.5,0.5,0.625,0.625,893,893,0.520625,37.0,0,1,0,0,1,1,0,0
894,54,1,6,4,0.8,1.0,1.0,0.85,893,893,0.520625,21.0,0,0,1,1,0,0,1,0
895,5,0,18,8,0.49,0.49,0.49,0.4165,896,896,0.52,60.0,0,0,1,0,1,0,0,1
896,46,1,7,5,0.41,0.5125,0.5125,0.5125,896,896,0.52,80.0,1,0,0,0,1,0,1,0
897,47,0,10,9,0.84,0.84,1.05,0.8925,898,898,0.5125,62.0,0,0,1,0,1,1,0,0
898,38,0,11,10,0.9,0.9,1.125,1.125,899,899,0.51,69.0,1,0,0,1,0,1,0,0
899,5,0,19,9,0.7,0.7,0.875,0.875,899,899,0.51,53.0,0,1,0,0,1,1,0,0
900,1,0,13,7,0.48,0.48,0.48,0.408,899,899,0.51,51.0,0,0,1,0,1,0,0,1
901,53,0,8,10,0.99,0.99,1.2375,1.0518750000000001,899,899,0.51,57.0,0,0,1,1,0,1,0,0
902,48,0,9,6,0.8,0.8,0.8,0.68,903,903,0.5015,25.0,0,0,1,0,1,0,0,1
903,84,1,5,8,0.67,0.8375,1.046875,1.046875,904,904,0.5,48.0,1,0,0,1,0,1,0,0
904,0,0,2,6,0.53,0.53,0.53,0.4505,904,904,0.5,47.0,0,0,1,0,1,1,0,0
905,77,0,8,7,1.1,1.1,1.1,0.935,904,904,0.5,48.0,0,0,1,1,0,1,0,0
906,27,0,17,5,0.58,0.58,0.58,0.58,904,904,0.5,54.0,1,0,0,0,1,0,1,0
907,57,0,12,7,1.05,1.05,1.05,0.8925,904,904,0.5,58.0,0,0,1,1,0,0,0,1
908,10,0,16,9,0.66,0.66,0.8250000000000001,0.8250000000000001,904,904,0.5,21.0,1,0,0,0,1,1,0,0
909,65,1,8,5,0.82,1.025,1.025,0.8712499999999999,904,904,0.5,64.0,0,0,1,1,0,1,0,0
910,49,0,18,10,0.6,0.6,0.75,0.6375,904,904,0.5,46.0,0,0,1,1,0,1,0,0
911,7,0,17,8,0.77,0.77,0.77,0.77,904,904,0.5,30.0,1,0,0,1,0,0,0,1
912,39,1,6,5,0.81,1.0125000000000002,1.0125000000000002,1.0125000000000002,913,913,0.4993749999999999,61.0,1,0,0,0,1,0,1,0
913,16,1,10,9,1.02,1.275,1.59375,1.59375,913,913,0.4993749999999999,60.0,0,1,0,1,0,0,0,1
914,86,0,21,9,1.09,1.09,1.3625,1.158125,913,913,0.4993749999999999,82.0,0,0,1,0,1,1,0,0
915,58,0,9,10,0.89,0.89,1.1125,1.1125,913,913,0.4993749999999999,34.0,0,1,0,1,0,1,0,0
916,14,1,13,2,0.69,0.8624999999999999,0.8624999999999999,0.8624999999999999,913,913,0.4993749999999999,42.0,0,1,0,1,0,0,1,0
917,64,0,16,8,0.86,0.86,0.86,0.86,913,913,0.4993749999999999,37.0,0,1,0,1,0,0,0,1
918,71,0,3,9,0.41,0.41,0.5125,0.5125,913,913,0.4993749999999999,33.0,0,1,0,1,0,0,1,0
919,78,0,17,2,1.01,1.01,1.01,1.01,920,920,0.4929999999999999,71.0,0,1,0,0,1,1,0,0
920,45,1,14,6,0.8,1.0,1.0,1.0,921,921,0.49,63.0,0,1,0,1,0,1,0,0
921,59,0,16,9,0.73,0.73,0.9125,0.775625,921,921,0.49,31.0,0,0,1,1,0,1,0,0
922,51,1,3,10,0.65,0.8125,1.015625,0.86328125,921,921,0.49,40.0,0,0,1,0,1,1,0,0
923,22,0,17,10,0.51,0.51,0.6375,0.6375,924,924,0.48875,38.0,0,1,0,1,0,1,0,0
924,2,1,15,10,0.59,0.7374999999999999,0.9218749999999999,0.7835937499999999,924,924,0.48875,48.0,0,0,1,1,0,1,0,0
925,47,1,5,4,1.04,1.3,1.3,1.105,926,926,0.4844999999999999,62.0,0,0,1,1,0,0,0,1
926,61,0,20,9,0.83,0.83,1.0374999999999999,0.8818749999999999,926,926,0.4844999999999999,64.0,0,0,1,1,0,0,1,0
927,75,0,3,4,0.4,0.4,0.4,0.4,928,928,0.48,23.0,0,1,0,0,1,0,1,0
928,84,1,13,7,0.56,0.7000000000000001,0.8750000000000001,0.8750000000000001,928,928,0.48,43.0,0,1,0,1,0,1,0,0
929,67,1,13,9,0.4,0.5,0.625,0.625,930,930,0.478125,28.0,1,0,0,1,0,0,0,1
930,65,1,21,5,0.53,0.6625000000000001,0.6625000000000001,0.5631250000000001,930,930,0.478125,70.0,0,0,1,0,1,0,0,1
931,98,0,8,10,0.86,0.86,1.075,1.075,930,930,0.478125,45.0,1,0,0,1,0,1,0,0
932,30,1,12,10,0.5,0.625,0.78125,0.6640625,930,930,0.478125,34.0,0,0,1,1,0,1,0,0
933,18,0,14,4,0.48,0.48,0.48,0.408,930,930,0.478125,46.0,0,0,1,0,1,0,0,1
934,5,0,6,4,0.77,0.77,0.77,0.6545,930,930,0.478125,61.0,0,0,1,1,0,0,0,1
935,79,1,17,6,0.8,1.0,1.0,0.85,936,936,0.476,58.0,0,0,1,1,0,0,0,1
936,16,1,8,8,1.05,1.3125,1.3125,1.3125,937,937,0.47,57.0,0,1,0,0,1,0,0,1
937,41,1,11,3,0.49,0.6125,0.6125,0.6125,937,937,0.47,76.0,0,1,0,1,0,1,0,0
938,77,0,17,4,0.95,0.95,0.95,0.8075,939,939,0.4675,81.0,0,0,1,1,0,0,1,0
939,98,0,20,9,0.55,0.55,0.6875,0.6875,939,939,0.4675,75.0,0,1,0,0,1,1,0,0
940,61,1,21,8,0.53,0.6625000000000001,0.6625000000000001,0.5631250000000001,939,939,0.4675,47.0,0,0,1,1,0,0,0,1
941,5,1,7,7,0.41,0.5125,0.5125,0.43562499999999993,939,939,0.4675,67.0,0,0,1,1,0,0,1,0
942,63,1,8,3,0.58,0.725,0.725,0.725,939,939,0.4675,50.0,1,0,0,1,0,1,0,0
943,90,0,8,10,1.01,1.01,1.2625,1.0731249999999999,944,944,0.46,47.0,0,0,1,0,1,0,0,1
944,91,0,5,9,0.44,0.44,0.55,0.4675,944,944,0.46,29.0,0,0,1,0,1,1,0,0
945,63,0,8,7,0.61,0.61,0.61,0.61,944,944,0.46,80.0,0,1,0,1,0,1,0,0
946,44,1,4,9,0.48,0.6,0.75,0.75,947,947,0.459,33.0,0,1,0,1,0,1,0,0
947,35,0,17,4,0.75,0.75,0.75,0.6375,948,948,0.456875,29.0,0,0,1,1,0,0,0,1
948,13,1,11,11,1.06,1.3250000000000002,1.6562500000000002,1.6562500000000002,948,948,0.456875,27.0,0,1,0,0,1,1,0,0
949,23,0,2,8,1.05,1.05,1.05,1.05,948,948,0.456875,38.0,0,1,0,0,1,0,0,1
950,26,0,3,7,0.7,0.7,0.7,0.595,951,951,0.4505,45.0,0,0,1,1,0,0,0,1
951,67,1,6,7,0.57,0.7124999999999999,0.7124999999999999,0.6056249999999999,951,951,0.4505,55.0,0,0,1,0,1,0,1,0
952,23,0,6,3,1.06,1.06,1.06,0.901,951,951,0.4505,44.0,0,0,1,1,0,0,0,1
953,74,1,15,11,0.94,1.1749999999999998,1.4687499999999998,1.2484374999999999,954,954,0.45,59.0,0,0,1,1,0,1,0,0
954,14,0,13,12,0.84,0.84,1.05,1.05,954,954,0.45,27.0,0,1,0,1,0,1,0,0
955,12,1,6,7,0.57,0.7124999999999999,0.7124999999999999,0.6056249999999999,956,956,0.44625,52.0,0,0,1,0,1,0,0,1
956,59,1,15,11,0.82,1.025,1.28125,1.0890625,956,956,0.44625,26.0,0,0,1,1,0,1,0,0
957,83,1,9,9,0.54,0.675,0.84375,0.7171875,956,956,0.44625,57.0,0,0,1,1,0,0,1,0
958,78,0,7,8,0.79,0.79,0.79,0.6715,956,956,0.44625,23.0,0,0,1,1,0,0,0,1
959,62,0,4,4,0.75,0.75,0.75,0.6375,960,960,0.442,54.0,0,0,1,1,0,0,0,1
960,0,0,10,9,0.63,0.63,0.7875,0.6693749999999999,960,960,0.442,46.0,0,0,1,1,0,1,0,0
961,15,0,11,3,0.96,0.96,0.96,0.816,960,960,0.442,34.0,0,0,1,0,1,0,0,1
962,82,1,7,10,0.94,1.1749999999999998,1.4687499999999998,1.4687499999999998,963,963,0.44,52.0,1,0,0,0,1,1,0,0
963,25,1,13,6,0.89,1.1125,1.1125,0.945625,963,963,0.44,41.0,0,0,1,1,0,0,1,0
964,42,1,15,10,0.77,0.9625,1.203125,1.02265625,963,963,0.44,46.0,0,0,1,1,0,1,0,0
965,33,0,1,8,0.97,0.97,0.97,0.97,963,963,0.44,27.0,1,0,0,0,1,1,0,0
966,6,0,18,6,0.47,0.47,0.47,0.39949999999999997,967,967,0.4356249999999999,58.0,0,0,1,1,0,0,1,0
967,74,0,14,12,0.46,0.46,0.5750000000000001,0.5750000000000001,967,967,0.4356249999999999,61.0,0,1,0,1,0,1,0,0
968,60,1,15,1,0.86,1.075,1.075,1.075,967,967,0.4356249999999999,35.0,0,1,0,0,1,1,0,0
969,3,1,15,8,0.86,1.075,1.075,1.075,967,967,0.4356249999999999,70.0,0,1,0,0,1,1,0,0
970,30,1,4,9,0.42,0.525,0.65625,0.65625,967,967,0.4356249999999999,54.0,1,0,0,1,0,1,0,0
971,43,0,10,6,1.02,1.02,1.02,1.02,972,972,0.43,22.0,1,0,0,1,0,0,0,1
972,82,1,11,10,0.59,0.7374999999999999,0.9218749999999999,0.7835937499999999,972,972,0.43,23.0,0,0,1,0,1,1,0,0
973,37,1,13,5,1.02,1.275,1.275,1.08375,974,974,0.425,55.0,0,0,1,1,0,0,1,0
974,77,1,10,12,1.04,1.3,1.625,1.625,974,974,0.425,20.0,1,0,0,1,0,0,0,1
975,63,1,17,6,1.04,1.3,1.3,1.3,974,974,0.425,53.0,1,0,0,0,1,0,0,1
976,15,1,5,9,0.41,0.5125,0.640625,0.54453125,977,977,0.42,54.0,0,0,1,0,1,0,0,1
977,56,0,9,10,0.5,0.5,0.625,0.53125,977,977,0.42,83.0,0,0,1,1,0,1,0,0
978,77,1,13,5,0.59,0.7374999999999999,0.7374999999999999,0.626875,979,979,0.4165,44.0,0,0,1,0,1,0,0,1
979,93,1,9,12,0.69,0.8624999999999999,1.078125,0.91640625,979,979,0.4165,35.0,0,0,1,0,1,1,0,0
980,71,1,3,8,0.71,0.8875,0.8875,0.7543749999999999,979,979,0.4165,29.0,0,0,1,1,0,1,0,0
981,83,1,22,1,0.8,1.0,1.25,1.25,979,979,0.4165,70.0,1,0,0,1,0,0,1,0
982,45,0,8,5,1.03,1.03,1.03,0.8755,983,983,0.41,65.0,0,0,1,0,1,1,0,0
983,5,0,21,11,0.85,0.85,1.0625,0.903125,983,983,0.41,70.0,0,0,1,1,0,1,0,0
984,82,1,0,10,0.88,1.1,1.375,1.375,985,985,0.408,47.0,1,0,0,0,1,1,0,0
985,83,0,15,4,0.82,0.82,1.025,0.8712499999999999,985,985,0.408,34.0,0,0,1,1,0,0,0,1
986,41,1,7,8,0.57,0.7124999999999999,0.7124999999999999,0.6056249999999999,987,987,0.4,62.0,0,0,1,0,1,1,0,0
987,44,0,15,7,0.69,0.69,0.69,0.5864999999999999,988,988,0.3995,24.0,0,0,1,1,0,1,0,0
988,64,1,11,7,0.87,1.0875,1.0875,0.924375,988,988,0.3995,78.0,0,0,1,1,0,1,0,0
989,83,1,11,8,0.85,1.0625,1.328125,1.328125,988,988,0.3995,76.0,0,1,0,1,0,1,0,0
990,60,1,9,6,0.78,0.9750000000000001,0.9750000000000001,0.8287500000000001,988,988,0.3995,67.0,0,0,1,1,0,0,1,0
991,59,1,15,3,0.94,1.1749999999999998,1.1749999999999998,0.9987499999999998,988,988,0.3995,47.0,0,0,1,0,1,0,0,1
992,32,1,8,3,1.03,1.2875,1.2875,1.094375,993,993,0.391,48.0,0,0,1,1,0,0,1,0
993,38,1,6,4,0.96,1.2,1.2,1.02,994,994,0.3825,62.0,0,0,1,0,1,1,0,0
994,15,0,3,12,0.52,0.52,0.65,0.5525,994,994,0.3825,31.0,0,0,1,1,0,0,0,1
995,60,0,9,7,0.56,0.56,0.56,0.56,996,996,0.374,62.0,1,0,0,0,1,1,0,0
996,22,0,6,10,0.88,0.88,1.1,0.935,997,997,0.357,20.0,0,0,1,0,1,1,0,0
997,17,1,15,2,0.81,1.0125000000000002,1.0125000000000002,1.0125000000000002,997,997,0.357,67.0,1,0,0,1,0,0,1,0
998,30,1,19,2,0.69,0.8624999999999999,0.8624999999999999,0.7331249999999999,997,997,0.357,69.0,0,0,1,0,1,0,1,0
999,56,1,14,9,0.93,1.1625,1.453125,1.23515625,1000,1000,0.34,66.0,0,0,1,0,1,1,0,0
