,gender,past_3_years_bike_related_purchases,wealth_segment,owns_car,tenure,state,property_valuation,Unnamed: 16,Unnamed: 17,Unnamed: 18,Unnamed: 19,Unnamed: 20,Rank,Value,age
0,Male,86,Mass Customer,Yes,14,QLD,6,1.1,1.375,1.71875,1.4609375,1,1,1.71875,64.0
1,Male,69,Mass Customer,No,16,NSW,11,0.99,0.99,1.2375,1.0518750000000001,1,1,1.71875,51.0
2,Female,10,Affluent Customer,No,10,VIC,5,0.64,0.64,0.64,0.64,1,1,1.71875,47.0
3,Female,64,Affluent Customer,Yes,5,QLD,1,0.95,1.1875,1.1875,1.1875,4,4,1.703125,42.0
4,Female,34,Affluent Customer,No,19,NSW,9,0.76,0.76,0.95,0.95,4,4,1.703125,56.0
5,Female,39,High Net Worth,Yes,22,QLD,7,0.41,0.5125,0.5125,0.5125,6,6,1.671875,70.0
6,Male,23,Mass Customer,No,8,NSW,7,0.43,0.43,0.43,0.3655,6,6,1.671875,45.0
7,Female,74,Mass Customer,Yes,10,QLD,5,0.72,0.8999999999999999,0.8999999999999999,0.7649999999999999,8,8,1.65625,49.0
8,Male,50,Mass Customer,Yes,5,NSW,10,0.87,1.0875,1.359375,1.15546875,8,8,1.65625,49.0
9,Male,72,Mass Customer,Yes,17,QLD,5,0.69,0.8624999999999999,0.8624999999999999,0.7331249999999999,10,10,1.640625,36.0
10,Male,94,High Net Worth,No,3,QLD,6,0.85,0.85,1.0625,1.0625,10,10,1.640625,26.0
11,Male,48,Mass Customer,No,10,VIC,8,0.61,0.61,0.61,0.5185,12,12,1.625,22.0
12,Male,60,Mass Customer,No,9,NSW,11,0.93,0.93,1.1625,0.988125,13,13,1.609375,31.0
13,Female,38,Mass Customer,No,4,NSW,10,0.86,0.86,1.075,0.91375,14,14,1.59375,45.0
14,Female,32,Mass Customer,No,10,QLD,8,0.95,0.95,0.95,0.8075,14,14,1.59375,57.0
15,Male,88,Affluent Customer,Yes,5,NSW,8,0.78,0.9750000000000001,1.21875,1.21875,16,16,1.5625,67.0
16,Female,61,Mass Customer,Yes,4,QLD,6,0.53,0.6625000000000001,0.6625000000000001,0.5631250000000001,17,17,1.546875,28.0
17,Female,83,Mass Customer,No,14,VIC,10,1.07,1.07,1.3375000000000001,1.136875,17,17,1.546875,45.0
18,Female,65,Affluent Customer,Yes,11,NSW,11,0.61,0.7625,0.953125,0.953125,19,19,1.53125,83.0
19,Female,2,High Net Worth,No,12,NSW,10,0.95,0.95,1.1875,1.1875,19,19,1.53125,67.0
20,Male,11,Mass Customer,Yes,13,NSW,9,1.1,1.375,1.71875,1.4609375,21,21,1.515625,53.0
21,Male,44,Mass Customer,Yes,8,NSW,7,0.49,0.6125,0.6125,0.520625,21,21,1.515625,28.0
22,Male,26,Mass Customer,No,3,QLD,4,0.7,0.7,0.7,0.595,23,23,1.5,23.0
23,Female,5,Affluent Customer,Yes,13,NSW,8,0.93,1.1625,1.1625,1.1625,23,23,1.5,44.0
24,Female,78,Mass Customer,No,4,QLD,5,0.86,0.86,0.86,0.731,25,25,1.484375,39.0
25,Male,11,Mass Customer,No,17,QLD,4,0.99,0.99,0.99,0.8415,26,26,1.46875,76.0
26,Female,19,Mass Customer,Yes,7,NSW,2,0.88,1.1,1.1,0.935,26,26,1.46875,69.0
27,Female,71,High Net Worth,Yes,5,QLD,11,0.54,0.675,0.84375,0.84375,26,26,1.46875,55.0
28,Female,84,High Net Worth,No,11,QLD,7,0.69,0.69,0.8624999999999999,0.8624999999999999,26,26,1.46875,61.0
29,Female,45,High Net Worth,No,8,VIC,10,0.48,0.48,0.6,0.6,30,30,1.4609375,61.0
30,Female,62,High Net Worth,Yes,17,NSW,8,0.8,1.0,1.0,1.0,30,30,1.4609375,41.0
31,Male,70,Mass Customer,Yes,12,NSW,2,0.93,1.1625,1.1625,0.988125,32,32,1.453125,70.0
32,Female,88,Mass Customer,Yes,7,NSW,7,1.07,1.3375000000000001,1.6718750000000002,1.42109375,32,32,1.453125,34.0
33,Male,71,Mass Customer,No,9,QLD,9,0.58,0.58,0.725,0.61625,32,32,1.453125,40.0
34,Female,27,Affluent Customer,No,20,VIC,9,0.59,0.59,0.7374999999999999,0.7374999999999999,32,32,1.453125,44.0
35,Female,48,Affluent Customer,Yes,13,QLD,1,1.01,1.2625,1.2625,1.2625,36,36,1.44765625,46.0
36,Male,76,High Net Worth,No,13,NSW,10,0.69,0.69,0.8624999999999999,0.8624999999999999,36,36,1.44765625,53.0
37,Male,58,Mass Customer,No,15,VIC,8,0.68,0.68,0.68,0.5780000000000001,38,38,1.4375,42.0
38,Male,44,Mass Customer,Yes,13,VIC,2,0.77,0.9625,0.9625,0.818125,38,38,1.4375,66.0
39,Male,64,Affluent Customer,Yes,8,NSW,9,0.43,0.5375,0.671875,0.671875,40,40,1.434375,28.0
40,Female,73,High Net Worth,No,10,NSW,8,0.7,0.7,0.7,0.7,40,40,1.434375,68.0
41,Female,24,Mass Customer,No,3,VIC,10,0.5,0.5,0.625,0.53125,42,42,1.421875,36.0
42,Female,79,Mass Customer,No,8,NSW,10,0.43,0.43,0.5375,0.456875,42,42,1.421875,75.0
43,Female,52,Affluent Customer,No,9,NSW,8,0.76,0.76,0.76,0.76,44,44,1.42109375,55.0
44,Male,76,High Net Worth,No,6,VIC,5,0.44,0.44,0.44,0.44,44,44,1.42109375,60.0
45,Female,29,High Net Worth,Yes,5,NSW,12,0.99,1.2375,1.546875,1.546875,46,46,1.4078125,65.0
46,Female,14,Affluent Customer,Yes,19,QLD,1,1.1,1.375,1.375,1.375,46,46,1.4078125,65.0
47,Female,85,High Net Worth,Yes,14,QLD,4,0.6,0.75,0.9375,0.9375,46,46,1.4078125,27.0
48,Female,59,Mass Customer,Yes,17,VIC,7,0.71,0.8875,0.8875,0.7543749999999999,46,46,1.4078125,44.0
49,Male,12,Mass Customer,No,20,NSW,12,0.45,0.45,0.5625,0.47812499999999997,50,50,1.40625,71.0
50,Male,60,Affluent Customer,No,10,VIC,8,0.5,0.5,0.5,0.5,50,50,1.40625,43.0
51,Male,62,Affluent Customer,Yes,5,QLD,8,0.54,0.675,0.675,0.675,52,52,1.39453125,22.0
52,Male,55,High Net Worth,Yes,11,VIC,7,0.52,0.65,0.65,0.65,52,52,1.39453125,28.0
53,Female,97,Mass Customer,No,8,NSW,10,0.73,0.73,0.9125,0.775625,54,54,1.38125,40.0
54,Female,87,Mass Customer,No,16,VIC,10,0.83,0.83,1.0374999999999999,0.8818749999999999,54,54,1.38125,26.0
55,Female,52,Mass Customer,No,9,NSW,10,0.48,0.48,0.6,0.51,54,54,1.38125,40.0
56,Male,75,Mass Customer,No,12,NSW,8,0.94,0.94,0.94,0.7989999999999999,57,57,1.375,42.0
57,Female,51,Mass Customer,No,14,VIC,9,0.99,0.99,1.2375,1.0518750000000001,57,57,1.375,49.0
58,Male,64,Mass Customer,Yes,8,VIC,5,0.51,0.6375,0.6375,0.541875,57,57,1.375,55.0
59,Male,5,Mass Customer,No,4,VIC,5,1.09,1.09,1.09,0.9265,57,57,1.375,47.0
60,Male,47,High Net Worth,Yes,17,NSW,7,0.98,1.225,1.225,1.225,57,57,1.375,38.0
61,Male,31,Mass Customer,Yes,9,NSW,9,0.67,0.8375,1.046875,0.8898437499999999,62,62,1.36796875,50.0
62,Male,59,High Net Worth,No,11,NSW,10,0.4,0.4,0.5,0.5,62,62,1.36796875,79.0
63,Female,70,High Net Worth,Yes,17,QLD,6,1.03,1.2875,1.2875,1.2875,62,62,1.36796875,54.0
64,Female,22,High Net Worth,Yes,7,QLD,7,0.95,1.1875,1.1875,1.1875,65,65,1.3625,22.0
65,Female,58,High Net Worth,No,12,NSW,8,0.91,0.91,0.91,0.91,65,65,1.3625,38.0
66,Female,69,Affluent Customer,Yes,5,QLD,11,0.98,1.225,1.53125,1.53125,65,65,1.3625,25.0
67,Female,54,Affluent Customer,Yes,16,QLD,7,0.59,0.7374999999999999,0.7374999999999999,0.7374999999999999,68,68,1.3546875,37.0
68,Male,62,High Net Worth,Yes,3,QLD,5,0.55,0.6875,0.6875,0.6875,68,68,1.3546875,22.0
69,Female,82,High Net Worth,Yes,6,QLD,7,0.61,0.7625,0.953125,0.953125,68,68,1.3546875,33.0
70,Female,11,High Net Worth,Yes,13,NSW,7,0.72,0.8999999999999999,0.8999999999999999,0.8999999999999999,68,68,1.3546875,25.0
71,Female,78,Mass Customer,No,9,NSW,10,0.79,0.79,0.9875,0.839375,72,72,1.35,27.0
72,Female,73,High Net Worth,No,15,QLD,9,0.75,0.75,0.9375,0.9375,72,72,1.35,22.0
73,Male,5,High Net Worth,No,15,NSW,9,1.04,1.04,1.3,1.3,72,72,1.35,53.0
74,Female,76,Affluent Customer,Yes,19,NSW,9,0.5,0.625,0.78125,0.78125,72,72,1.35,63.0
75,Male,98,High Net Worth,Yes,10,NSW,12,0.95,1.1875,1.484375,1.484375,72,72,1.35,47.0
76,Male,0,Mass Customer,No,17,NSW,9,0.76,0.76,0.95,0.8075,77,77,1.34140625,60.0
77,Female,36,Affluent Customer,Yes,13,VIC,7,0.74,0.925,0.925,0.925,78,78,1.3375,65.0
78,Female,15,Mass Customer,Yes,13,NSW,10,0.55,0.6875,0.859375,0.73046875,78,78,1.3375,49.0
79,Female,15,High Net Worth,No,6,NSW,6,0.57,0.57,0.57,0.57,78,78,1.3375,48.0
80,Male,53,Mass Customer,No,15,NSW,12,0.63,0.63,0.7875,0.6693749999999999,78,78,1.3375,26.0
81,Female,34,Mass Customer,No,9,NSW,8,0.73,0.73,0.73,0.6204999999999999,78,78,1.3375,56.0
82,Female,14,Mass Customer,No,5,NSW,9,0.43,0.43,0.5375,0.456875,78,78,1.3375,40.0
83,Male,58,High Net Worth,No,8,VIC,12,1.04,1.04,1.3,1.3,84,84,1.328125,46.0
84,Male,48,High Net Worth,Yes,16,NSW,10,0.55,0.6875,0.859375,0.859375,85,85,1.325,60.0
85,Female,9,High Net Worth,No,13,NSW,10,0.92,0.92,1.1500000000000001,1.1500000000000001,85,85,1.325,72.0
86,Female,8,Affluent Customer,No,5,NSW,9,0.6,0.6,0.75,0.75,85,85,1.325,22.0
87,Male,5,High Net Worth,No,13,NSW,12,0.49,0.49,0.6125,0.6125,88,88,1.31484375,79.0
88,Male,49,Mass Customer,Yes,14,NSW,9,0.88,1.1,1.375,1.16875,89,89,1.3125,71.0
89,Male,24,Affluent Customer,No,16,QLD,2,0.72,0.72,0.72,0.72,89,89,1.3125,50.0
90,Male,93,Affluent Customer,No,15,NSW,10,0.71,0.71,0.8875,0.8875,89,89,1.3125,29.0
91,Female,34,Mass Customer,No,19,NSW,7,0.69,0.69,0.69,0.5864999999999999,89,89,1.3125,43.0
92,Female,84,Mass Customer,No,11,NSW,9,0.56,0.56,0.7000000000000001,0.5950000000000001,89,89,1.3125,44.0
93,Male,94,Affluent Customer,Yes,14,QLD,8,0.62,0.775,0.96875,0.96875,89,89,1.3125,69.0
94,Male,25,Mass Customer,No,12,QLD,5,0.4,0.4,0.4,0.34,89,89,1.3125,43.0
95,Male,91,High Net Worth,Yes,8,NSW,12,0.84,1.05,1.3125,1.3125,96,96,1.3,22.0
96,Male,18,Mass Customer,Yes,15,VIC,4,0.68,0.8500000000000001,0.8500000000000001,0.7225,96,96,1.3,78.0
97,Male,60,Mass Customer,No,11,QLD,6,1.02,1.02,1.02,0.867,96,96,1.3,27.0
98,Male,26,High Net Worth,No,11,NSW,10,0.8,0.8,1.0,1.0,99,99,1.296875,49.0
99,Female,30,High Net Worth,Yes,14,VIC,8,0.98,1.225,1.225,1.225,99,99,1.296875,21.0
100,Female,84,Mass Customer,No,3,QLD,4,0.7,0.7,0.875,0.74375,99,99,1.296875,30.0
101,Female,56,Mass Customer,No,12,QLD,2,0.45,0.45,0.45,0.3825,102,102,1.28828125,27.0
102,Male,19,Mass Customer,No,9,NSW,2,0.7,0.7,0.7,0.595,102,102,1.28828125,81.0
103,Female,64,Affluent Customer,No,8,VIC,2,0.96,0.96,0.96,0.96,104,104,1.2875,41.0
104,Female,59,High Net Worth,Yes,15,VIC,6,0.82,1.025,1.025,1.025,104,104,1.2875,60.0
105,Male,50,Mass Customer,Yes,16,QLD,3,0.85,1.0625,1.0625,0.903125,104,104,1.2875,75.0
106,Female,21,Mass Customer,No,18,NSW,9,0.61,0.61,0.7625,0.648125,104,104,1.2875,58.0
107,Male,14,High Net Worth,No,19,VIC,8,0.96,0.96,0.96,0.96,104,104,1.2875,49.0
108,Female,95,Mass Customer,No,5,NSW,1,0.74,0.74,0.925,0.78625,104,104,1.2875,60.0
109,Female,1,Mass Customer,Yes,16,QLD,8,0.9,1.125,1.125,0.9562499999999999,104,104,1.2875,52.0
110,Female,95,Mass Customer,Yes,7,VIC,7,0.96,1.2,1.5,1.275,111,111,1.28125,53.0
111,Male,37,Mass Customer,Yes,11,QLD,5,0.65,0.8125,0.8125,0.6906249999999999,111,111,1.28125,82.0
112,Male,72,High Net Worth,No,14,NSW,11,0.65,0.65,0.8125,0.8125,111,111,1.28125,60.0
113,Female,0,Mass Customer,No,5,VIC,2,0.91,0.91,0.91,0.7735,114,114,1.275,26.0
114,Female,53,Affluent Customer,No,18,QLD,6,0.64,0.64,0.64,0.64,114,114,1.275,44.0
115,Male,45,Mass Customer,No,5,NSW,5,0.9,0.9,0.9,0.765,114,114,1.275,24.0
116,Male,64,Affluent Customer,Yes,17,NSW,9,0.96,1.2,1.5,1.5,114,114,1.275,75.0
117,Female,21,High Net Worth,Yes,6,VIC,9,0.55,0.6875,0.859375,0.859375,114,114,1.275,43.0
118,Male,37,Mass Customer,Yes,4,QLD,7,0.42,0.525,0.525,0.44625,114,114,1.275,34.0
119,Female,2,Mass Customer,Yes,7,NSW,4,0.82,1.025,1.025,0.8712499999999999,120,120,1.2625,69.0
120,Male,71,Affluent Customer,No,4,NSW,8,0.92,0.92,0.92,0.92,120,120,1.2625,40.0
121,Male,57,Mass Customer,No,9,NSW,10,1.08,1.08,1.35,1.1475,120,120,1.2625,24.0
122,Female,86,High Net Worth,No,6,NSW,8,0.92,0.92,1.1500000000000001,1.1500000000000001,120,120,1.2625,52.0
123,Female,3,Mass Customer,No,4,QLD,4,0.59,0.59,0.59,0.5015,120,120,1.2625,46.0
124,Male,44,High Net Worth,Yes,15,QLD,5,0.51,0.6375,0.6375,0.6375,125,125,1.26171875,80.0
125,Male,71,Mass Customer,Yes,6,VIC,3,0.48,0.6,0.6,0.51,125,125,1.26171875,65.0
126,Female,66,Affluent Customer,No,21,VIC,1,0.78,0.78,0.78,0.78,127,127,1.25,68.0
127,Male,13,Mass Customer,Yes,9,NSW,1,1.05,1.3125,1.3125,1.1156249999999999,127,127,1.25,46.0
128,Female,42,Mass Customer,No,12,QLD,1,0.91,0.91,0.91,0.7735,127,127,1.25,81.0
129,Female,51,Affluent Customer,Yes,5,NSW,7,0.74,0.925,0.925,0.925,127,127,1.25,31.0
130,Female,78,Affluent Customer,Yes,5,NSW,2,1.0,1.25,1.25,1.25,127,127,1.25,59.0
131,Male,38,Mass Customer,Yes,13,VIC,7,0.99,1.2375,1.2375,1.0518750000000001,132,132,1.2484375,56.0
132,Female,11,Mass Customer,Yes,15,QLD,4,0.76,0.95,0.95,0.8075,133,133,1.2375,61.0
133,Male,29,Mass Customer,No,9,NSW,9,0.52,0.52,0.65,0.5525,133,133,1.2375,36.0
134,Female,27,Affluent Customer,Yes,14,NSW,8,1.08,1.35,1.35,1.35,133,133,1.2375,43.0
135,Male,89,Mass Customer,No,19,NSW,7,0.74,0.74,0.925,0.78625,133,133,1.2375,51.0
136,Female,90,Affluent Customer,No,4,QLD,5,0.55,0.55,0.6875,0.6875,133,133,1.2375,31.0
137,Male,28,Mass Customer,Yes,16,NSW,4,0.46,0.5750000000000001,0.5750000000000001,0.48875,133,133,1.2375,54.0
138,Female,12,Mass Customer,Yes,12,NSW,3,0.51,0.6375,0.6375,0.541875,133,133,1.2375,42.0
139,Female,60,Mass Customer,Yes,3,VIC,8,0.94,1.1749999999999998,1.1749999999999998,0.9987499999999998,133,133,1.2375,41.0
140,Male,92,Affluent Customer,Yes,16,VIC,9,0.47,0.5874999999999999,0.7343749999999999,0.7343749999999999,133,133,1.2375,55.0
141,Male,14,Affluent Customer,Yes,15,NSW,9,1.05,1.3125,1.640625,1.640625,142,142,1.23515625,20.0
142,Male,28,Mass Customer,Yes,20,QLD,8,0.68,0.8500000000000001,0.8500000000000001,0.7225,142,142,1.23515625,72.0
143,Male,6,High Net Worth,Yes,17,NSW,9,0.84,1.05,1.3125,1.3125,144,144,1.234375,46.0
144,Female,4,Mass Customer,No,6,QLD,1,0.78,0.78,0.78,0.663,144,144,1.234375,40.0
145,Female,40,Mass Customer,No,15,NSW,9,0.57,0.57,0.7124999999999999,0.6056249999999999,146,146,1.225,71.0
146,Female,82,Mass Customer,No,17,NSW,8,0.85,0.85,1.0625,0.903125,146,146,1.225,56.0
147,Male,38,Mass Customer,No,16,NSW,10,0.82,0.82,1.025,0.8712499999999999,146,146,1.225,52.0
148,Female,58,High Net Worth,No,19,VIC,6,0.57,0.57,0.57,0.57,146,146,1.225,52.0
149,Female,39,Mass Customer,No,17,NSW,8,0.55,0.55,0.55,0.4675,146,146,1.225,50.0
150,Female,60,Affluent Customer,Yes,4,QLD,3,1.04,1.3,1.3,1.3,146,146,1.225,54.0
151,Female,30,Affluent Customer,Yes,14,NSW,8,0.96,1.2,1.2,1.2,152,152,1.221875,60.0
152,Male,61,Mass Customer,Yes,18,NSW,11,0.64,0.8,1.0,0.85,153,153,1.21875,52.0
153,Male,54,Mass Customer,No,11,VIC,5,0.85,0.85,0.85,0.7224999999999999,154,154,1.203125,60.0
154,Male,6,Mass Customer,No,9,QLD,5,0.72,0.72,0.72,0.612,155,155,1.2,65.0
155,Female,74,Mass Customer,Yes,19,NSW,9,0.93,1.1625,1.453125,1.23515625,155,155,1.2,58.0
156,Female,89,Mass Customer,No,21,QLD,9,1.07,1.07,1.3375000000000001,1.136875,157,157,1.1953125,45.0
157,Female,16,Mass Customer,No,7,NSW,9,1.1,1.1,1.375,1.16875,158,158,1.1875,64.0
158,Female,4,Mass Customer,Yes,6,VIC,9,0.8,1.0,1.25,1.0625,158,158,1.1875,43.0
159,Male,27,High Net Worth,No,10,NSW,9,0.52,0.52,0.65,0.65,158,158,1.1875,70.0
160,Male,37,Affluent Customer,No,4,NSW,12,0.85,0.85,1.0625,1.0625,158,158,1.1875,35.0
161,Female,23,Mass Customer,Yes,10,VIC,11,0.92,1.1500000000000001,1.4375000000000002,1.2218750000000003,158,158,1.1875,26.0
162,Female,60,Affluent Customer,Yes,9,NSW,2,0.59,0.7374999999999999,0.7374999999999999,0.7374999999999999,163,163,1.18203125,52.0
163,Male,96,High Net Worth,Yes,19,QLD,3,0.74,0.925,1.15625,1.15625,163,163,1.18203125,70.0
164,Female,3,Mass Customer,Yes,3,NSW,11,0.47,0.5874999999999999,0.7343749999999999,0.6242187499999999,163,163,1.18203125,42.0
165,Male,55,Mass Customer,No,4,NSW,10,0.77,0.77,0.9625,0.818125,166,166,1.175,45.0
166,Female,65,High Net Worth,No,12,NSW,3,0.96,0.96,0.96,0.96,166,166,1.175,48.0
167,Female,55,Mass Customer,Yes,8,QLD,4,0.99,1.2375,1.2375,1.0518750000000001,166,166,1.175,32.0
168,Female,99,Affluent Customer,No,15,VIC,9,0.8,0.8,1.0,1.0,166,166,1.175,69.0
169,Male,33,Affluent Customer,No,13,VIC,7,0.64,0.64,0.64,0.64,166,166,1.175,35.0
170,Female,42,Affluent Customer,No,14,NSW,9,0.98,0.98,1.225,1.225,166,166,1.175,66.0
171,Male,36,Mass Customer,Yes,10,NSW,11,0.77,0.9625,1.203125,1.02265625,166,166,1.175,65.0
172,Male,60,Mass Customer,Yes,4,NSW,6,0.82,1.025,1.025,0.8712499999999999,173,173,1.171875,32.0
173,Male,56,Affluent Customer,Yes,16,VIC,1,1.06,1.3250000000000002,1.3250000000000002,1.3250000000000002,174,174,1.16875,26.0
174,Female,72,Mass Customer,No,5,VIC,8,0.41,0.41,0.41,0.3485,174,174,1.16875,66.0
175,Female,54,High Net Worth,No,7,NSW,9,0.87,0.87,1.0875,1.0875,174,174,1.16875,29.0
176,Female,79,High Net Worth,Yes,9,VIC,7,0.51,0.6375,0.6375,0.6375,177,177,1.1625,82.0
177,Male,51,Mass Customer,No,16,NSW,9,0.61,0.61,0.7625,0.648125,177,177,1.1625,69.0
178,Male,92,Mass Customer,Yes,13,NSW,10,1.04,1.3,1.625,1.3812499999999999,177,177,1.1625,71.0
179,Female,71,Mass Customer,No,5,QLD,9,0.4,0.4,0.5,0.425,177,177,1.1625,46.0
180,Male,39,High Net Worth,No,9,NSW,9,1.02,1.02,1.275,1.275,181,181,1.158125,56.0
181,Male,78,Mass Customer,No,18,QLD,7,0.66,0.66,0.66,0.561,181,181,1.158125,47.0
182,Male,36,High Net Worth,Yes,21,NSW,8,0.4,0.5,0.5,0.5,181,181,1.158125,75.0
183,Male,34,Mass Customer,Yes,13,NSW,7,1.1,1.375,1.375,1.16875,181,181,1.158125,47.0
184,Female,68,Mass Customer,No,5,VIC,9,0.77,0.77,0.9625,0.818125,181,181,1.158125,36.0
185,Male,65,High Net Worth,Yes,3,VIC,10,0.55,0.6875,0.859375,0.859375,181,181,1.158125,29.0
186,Female,26,High Net Worth,No,17,NSW,10,0.86,0.86,1.075,1.075,181,181,1.158125,50.0
187,Female,67,Mass Customer,Yes,17,NSW,8,0.59,0.7374999999999999,0.7374999999999999,0.626875,188,188,1.15625,48.0
188,Female,7,High Net Worth,No,9,QLD,10,0.65,0.65,0.8125,0.8125,188,188,1.15625,35.0
189,Male,74,Affluent Customer,No,10,NSW,9,1.01,1.01,1.2625,1.2625,190,190,1.15546875,25.0
190,Female,32,Affluent Customer,No,8,NSW,11,1.05,1.05,1.3125,1.3125,191,191,1.15,29.0
191,Male,55,Mass Customer,Yes,7,NSW,8,0.56,0.7000000000000001,0.7000000000000001,0.5950000000000001,191,191,1.15,83.0
192,Female,16,High Net Worth,No,10,NSW,8,0.72,0.72,0.72,0.72,191,191,1.15,51.0
193,Female,47,Mass Customer,No,7,NSW,10,0.59,0.59,0.7374999999999999,0.626875,191,191,1.15,52.0
194,Female,26,Mass Customer,Yes,11,VIC,12,0.67,0.8375,1.046875,0.8898437499999999,195,195,1.1475,77.0
195,Male,6,Affluent Customer,No,16,VIC,3,0.74,0.74,0.74,0.74,195,195,1.1475,49.0
196,Female,60,High Net Worth,No,7,QLD,9,0.53,0.53,0.6625000000000001,0.6625000000000001,195,195,1.1475,40.0
197,Female,66,High Net Worth,No,2,NSW,9,0.84,0.84,1.05,1.05,195,195,1.1475,31.0
198,Male,44,Affluent Customer,No,3,NSW,3,0.46,0.46,0.46,0.46,195,195,1.1475,28.0
199,Female,55,High Net Worth,Yes,12,QLD,4,0.91,1.1375,1.1375,1.1375,195,195,1.1475,55.0
200,Male,70,Mass Customer,Yes,13,VIC,7,0.43,0.5375,0.5375,0.456875,201,201,1.1421875,81.0
201,Female,84,Mass Customer,No,15,NSW,8,0.83,0.83,1.0374999999999999,0.8818749999999999,202,202,1.140625,62.0
202,Male,47,Affluent Customer,Yes,21,NSW,9,0.68,0.8500000000000001,1.0625,1.0625,202,202,1.140625,76.0
203,Female,44,Mass Customer,Yes,7,QLD,1,0.63,0.7875,0.7875,0.6693749999999999,202,202,1.140625,69.0
204,Male,2,Mass Customer,No,2,NSW,7,0.5,0.5,0.5,0.425,202,202,1.140625,23.0
205,Female,19,Affluent Customer,Yes,12,NSW,8,0.76,0.95,0.95,0.95,206,206,1.1375,73.0
206,Male,31,Affluent Customer,No,9,QLD,7,0.57,0.57,0.57,0.57,206,206,1.1375,45.0
207,Female,70,Mass Customer,Yes,11,NSW,7,0.4,0.5,0.5,0.425,206,206,1.1375,66.0
208,Female,12,High Net Worth,No,19,NSW,9,0.88,0.88,1.1,1.1,206,206,1.1375,63.0
209,Male,92,Affluent Customer,No,4,QLD,4,1.07,1.07,1.3375000000000001,1.3375000000000001,206,206,1.1375,54.0
210,Male,32,Mass Customer,No,16,NSW,10,0.86,0.86,1.075,0.91375,206,206,1.1375,54.0
211,Male,82,High Net Worth,Yes,5,NSW,8,0.99,1.2375,1.546875,1.546875,212,212,1.136875,38.0
212,Male,12,Mass Customer,No,6,VIC,6,0.89,0.89,0.89,0.7565,212,212,1.136875,24.0
213,Male,28,High Net Worth,No,10,NSW,8,1.1,1.1,1.1,1.1,212,212,1.136875,65.0
214,Female,9,Mass Customer,Yes,22,QLD,7,0.98,1.225,1.225,1.04125,215,215,1.12890625,74.0
215,Male,11,Mass Customer,No,4,NSW,11,0.79,0.79,0.9875,0.839375,215,215,1.12890625,21.0
216,Female,50,Mass Customer,No,5,NSW,7,0.64,0.64,0.64,0.544,215,215,1.12890625,24.0
217,Female,8,Affluent Customer,Yes,18,QLD,2,0.96,1.2,1.2,1.2,218,218,1.12625,58.0
218,Male,78,Mass Customer,Yes,18,NSW,11,0.84,1.05,1.3125,1.1156249999999999,219,219,1.125,41.0
219,Male,7,Affluent Customer,No,3,NSW,8,1.03,1.03,1.03,1.03,219,219,1.125,27.0
220,Male,68,Mass Customer,Yes,15,VIC,8,0.61,0.7625,0.7625,0.648125,219,219,1.125,40.0
221,Male,66,Mass Customer,Yes,7,NSW,9,0.88,1.1,1.375,1.16875,219,219,1.125,42.0
222,Female,62,Mass Customer,No,18,NSW,11,0.46,0.46,0.5750000000000001,0.48875,223,223,1.115625,55.0
223,Male,66,High Net Worth,No,9,NSW,8,0.82,0.82,0.82,0.82,223,223,1.115625,21.0
224,Male,91,Mass Customer,No,17,QLD,1,0.64,0.64,0.8,0.68,223,223,1.115625,44.0
225,Male,0,Mass Customer,Yes,15,QLD,8,0.57,0.7124999999999999,0.7124999999999999,0.6056249999999999,226,226,1.1125,21.0
226,Male,35,Affluent Customer,Yes,11,NSW,9,0.63,0.7875,0.984375,0.984375,226,226,1.1125,47.0
227,Male,54,High Net Worth,No,8,NSW,9,0.76,0.76,0.95,0.95,226,226,1.1125,57.0
228,Female,46,Mass Customer,No,7,NSW,8,0.52,0.52,0.52,0.442,226,226,1.1125,67.0
229,Female,48,Affluent Customer,Yes,14,QLD,4,0.86,1.075,1.075,1.075,230,230,1.109375,58.0
230,Male,52,Mass Customer,Yes,14,NSW,10,0.82,1.025,1.28125,1.0890625,231,231,1.105,43.0
231,Male,50,Mass Customer,Yes,18,NSW,9,1.04,1.3,1.625,1.3812499999999999,231,231,1.105,78.0
232,Male,94,Mass Customer,No,14,NSW,9,0.43,0.43,0.5375,0.456875,233,233,1.1,56.0
233,Female,53,Mass Customer,No,16,NSW,7,0.78,0.78,0.78,0.663,233,233,1.1,78.0
234,Female,25,Mass Customer,Yes,13,VIC,8,0.81,1.0125000000000002,1.0125000000000002,0.8606250000000001,233,233,1.1,24.0
235,Male,41,Affluent Customer,No,8,NSW,8,0.47,0.47,0.47,0.47,233,233,1.1,81.0
236,Female,97,High Net Worth,Yes,13,NSW,8,0.87,1.0875,1.359375,1.359375,237,237,1.094375,78.0
237,Female,30,Mass Customer,Yes,8,NSW,10,0.78,0.9750000000000001,1.21875,1.0359375,237,237,1.094375,82.0
238,Female,84,Mass Customer,Yes,15,QLD,1,0.78,0.9750000000000001,1.21875,1.0359375,237,237,1.094375,80.0
239,Male,4,Mass Customer,Yes,5,QLD,8,0.72,0.8999999999999999,0.8999999999999999,0.7649999999999999,240,240,1.09,60.0
240,Female,18,High Net Worth,Yes,9,VIC,9,0.79,0.9875,1.234375,1.234375,241,241,1.0875,47.0
241,Female,94,Mass Customer,No,5,QLD,9,1.07,1.07,1.3375000000000001,1.136875,241,241,1.0875,62.0
242,Male,57,Affluent Customer,Yes,16,VIC,4,0.9,1.125,1.125,1.125,241,241,1.0875,52.0
243,Male,29,Mass Customer,No,12,QLD,8,0.79,0.79,0.79,0.6715,244,244,1.08375,64.0
244,Female,2,Mass Customer,Yes,19,QLD,5,0.92,1.1500000000000001,1.1500000000000001,0.9775,244,244,1.08375,71.0
245,Female,8,Affluent Customer,Yes,4,VIC,10,0.8,1.0,1.25,1.25,244,244,1.08375,54.0
246,Female,74,High Net Worth,No,14,QLD,3,1.04,1.04,1.04,1.04,244,244,1.08375,58.0
247,Male,49,Affluent Customer,Yes,10,QLD,7,0.64,0.8,0.8,0.8,248,248,1.078125,50.0
248,Male,59,High Net Worth,Yes,11,NSW,4,1.02,1.275,1.275,1.275,249,249,1.07578125,43.0
249,Male,57,High Net Worth,No,18,QLD,3,0.56,0.56,0.56,0.56,250,250,1.075,47.0
250,Female,90,Mass Customer,No,11,NSW,10,0.57,0.57,0.7124999999999999,0.6056249999999999,250,250,1.075,46.0
251,Male,85,Affluent Customer,Yes,6,QLD,2,0.66,0.8250000000000001,1.03125,1.03125,252,252,1.073125,54.0
252,Female,13,Mass Customer,No,9,NSW,9,0.51,0.51,0.6375,0.541875,252,252,1.073125,60.0
253,Female,91,Mass Customer,No,9,NSW,9,0.99,0.99,1.2375,1.0518750000000001,252,252,1.073125,41.0
254,Female,75,High Net Worth,No,12,NSW,12,0.73,0.73,0.9125,0.9125,252,252,1.073125,24.0
255,Female,17,Mass Customer,No,16,VIC,10,0.89,0.89,1.1125,0.945625,252,252,1.073125,82.0
256,Female,49,Mass Customer,No,15,VIC,12,0.69,0.69,0.8624999999999999,0.7331249999999999,252,252,1.073125,62.0
257,Male,37,Mass Customer,No,5,QLD,3,0.97,0.97,0.97,0.8245,252,252,1.073125,59.0
258,Female,45,Mass Customer,Yes,9,QLD,6,0.92,1.1500000000000001,1.1500000000000001,0.9775,259,259,1.0625,21.0
259,Female,41,High Net Worth,No,19,NSW,10,0.92,0.92,1.1500000000000001,1.1500000000000001,259,259,1.0625,50.0
260,Female,9,Mass Customer,Yes,14,VIC,9,1.06,1.3250000000000002,1.6562500000000002,1.4078125000000001,259,259,1.0625,52.0
261,Female,21,High Net Worth,No,6,QLD,6,1.04,1.04,1.04,1.04,259,259,1.0625,30.0
262,Male,88,Mass Customer,Yes,10,QLD,9,0.81,1.0125000000000002,1.2656250000000002,1.0757812500000001,259,259,1.0625,29.0
263,Female,36,Mass Customer,Yes,7,QLD,5,0.6,0.75,0.75,0.6375,259,259,1.0625,73.0
264,Male,57,Affluent Customer,Yes,2,QLD,6,0.69,0.8624999999999999,0.8624999999999999,0.8624999999999999,259,259,1.0625,25.0
265,Female,56,Mass Customer,No,10,NSW,12,0.57,0.57,0.7124999999999999,0.6056249999999999,259,259,1.0625,83.0
266,Female,81,Mass Customer,Yes,18,NSW,8,0.91,1.1375,1.421875,1.20859375,259,259,1.0625,52.0
267,Female,82,Mass Customer,No,7,VIC,7,0.73,0.73,0.9125,0.775625,259,259,1.0625,48.0
268,Male,70,Affluent Customer,Yes,14,VIC,7,0.51,0.6375,0.6375,0.6375,259,259,1.0625,70.0
269,Female,89,High Net Worth,No,8,NSW,8,0.4,0.4,0.5,0.5,259,259,1.0625,49.0
270,Male,84,High Net Worth,Yes,1,VIC,7,0.65,0.8125,1.015625,1.015625,271,271,1.06,25.0
271,Male,70,Mass Customer,Yes,5,NSW,3,0.97,1.2125,1.2125,1.030625,271,271,1.06,60.0
272,Female,99,Mass Customer,No,3,NSW,10,0.48,0.48,0.6,0.51,271,271,1.06,45.0
273,Male,48,Mass Customer,No,6,NSW,9,0.62,0.62,0.775,0.65875,274,274,1.051875,65.0
274,Male,35,Affluent Customer,No,13,NSW,9,1.08,1.08,1.35,1.35,274,274,1.051875,45.0
275,Female,90,Affluent Customer,Yes,7,VIC,3,0.91,1.1375,1.421875,1.421875,274,274,1.051875,55.0
276,Female,70,High Net Worth,No,6,NSW,12,0.61,0.61,0.7625,0.7625,274,274,1.051875,68.0
277,Male,50,Affluent Customer,Yes,5,VIC,9,1.09,1.3625,1.703125,1.703125,278,278,1.05,59.0
278,Female,64,Mass Customer,Yes,16,VIC,9,0.98,1.225,1.53125,1.3015625,278,278,1.05,45.0
279,Female,81,Affluent Customer,No,17,VIC,9,0.91,0.91,1.1375,1.1375,278,278,1.05,56.0
280,Male,7,Mass Customer,No,6,NSW,12,0.62,0.62,0.775,0.65875,278,278,1.05,53.0
281,Female,26,Mass Customer,Yes,10,VIC,8,0.51,0.6375,0.6375,0.541875,282,282,1.04921875,50.0
282,Female,37,Mass Customer,No,19,VIC,2,0.72,0.72,0.72,0.612,282,282,1.04921875,43.0
283,Male,81,Mass Customer,No,17,QLD,7,0.67,0.67,0.8375,0.711875,284,284,1.046875,62.0
284,Female,88,Mass Customer,No,11,QLD,7,1.07,1.07,1.3375000000000001,1.136875,285,285,1.04125,54.0
285,Male,3,High Net Worth,Yes,19,NSW,3,0.73,0.9125,0.9125,0.9125,285,285,1.04125,64.0
286,Male,70,Affluent Customer,No,13,QLD,8,0.73,0.73,0.73,0.73,287,287,1.04,74.0
287,Female,2,Affluent Customer,No,6,QLD,10,0.7,0.7,0.875,0.875,287,287,1.04,63.0
288,Female,96,Affluent Customer,Yes,9,NSW,7,0.97,1.2125,1.515625,1.515625,289,289,1.0375,45.0
289,Male,50,High Net Worth,Yes,10,VIC,1,0.67,0.8375,0.8375,0.8375,289,289,1.0375,31.0
290,Female,95,High Net Worth,No,12,NSW,11,0.98,0.98,1.225,1.225,291,291,1.0359375,40.0
291,Male,15,Affluent Customer,No,9,VIC,8,0.96,0.96,0.96,0.96,291,291,1.0359375,49.0
292,Male,89,Affluent Customer,No,20,VIC,6,0.43,0.43,0.5375,0.5375,291,291,1.0359375,63.0
293,Female,88,Mass Customer,Yes,6,VIC,7,0.52,0.65,0.8125,0.6906249999999999,291,291,1.0359375,58.0
294,Male,36,Mass Customer,No,4,QLD,8,0.58,0.58,0.58,0.49299999999999994,295,295,1.03125,41.0
295,Female,68,Mass Customer,Yes,5,NSW,7,0.53,0.6625000000000001,0.6625000000000001,0.5631250000000001,295,295,1.03125,33.0
296,Male,73,High Net Worth,No,19,NSW,8,0.46,0.46,0.46,0.46,297,297,1.030625,51.0
297,Male,97,Mass Customer,Yes,4,NSW,8,0.72,0.8999999999999999,1.125,0.9562499999999999,297,297,1.030625,56.0
298,Female,91,Mass Customer,No,10,NSW,8,0.87,0.87,1.0875,0.924375,297,297,1.030625,30.0
299,Female,59,Mass Customer,No,17,NSW,11,0.73,0.73,0.9125,0.775625,297,297,1.030625,74.0
300,Male,39,Mass Customer,Yes,10,QLD,5,0.7,0.875,0.875,0.74375,297,297,1.030625,33.0
301,Female,97,Mass Customer,No,7,VIC,9,0.6,0.6,0.75,0.6375,302,302,1.03,28.0
302,Male,79,Affluent Customer,Yes,11,NSW,12,0.82,1.025,1.28125,1.28125,302,302,1.03,40.0
303,Female,56,Affluent Customer,No,11,NSW,11,1.03,1.03,1.2875,1.2875,304,304,1.025,72.0
304,Female,42,High Net Worth,Yes,13,QLD,8,0.46,0.5750000000000001,0.5750000000000001,0.5750000000000001,304,304,1.025,66.0
305,Female,81,Mass Customer,No,6,QLD,7,0.51,0.51,0.6375,0.541875,304,304,1.025,47.0
306,Male,1,Affluent Customer,Yes,11,NSW,9,0.65,0.8125,1.015625,1.015625,304,304,1.025,67.0
307,Female,63,High Net Worth,Yes,18,NSW,3,0.4,0.5,0.5,0.5,304,304,1.025,62.0
308,Female,45,Mass Customer,No,11,NSW,6,0.83,0.83,0.83,0.7054999999999999,304,304,1.025,40.0
309,Male,21,Mass Customer,Yes,14,NSW,6,0.5,0.625,0.625,0.53125,310,310,1.02265625,50.0
310,Female,39,High Net Worth,Yes,10,VIC,11,1.09,1.3625,1.703125,1.703125,310,310,1.02265625,30.0
311,Female,28,Mass Customer,No,5,VIC,5,0.93,0.93,0.93,0.7905,312,312,1.02,56.0
312,Male,61,High Net Worth,No,7,NSW,8,1.08,1.08,1.08,1.08,312,312,1.02,32.0
313,Male,95,Mass Customer,No,7,NSW,11,0.91,0.91,1.1375,0.9668749999999999,312,312,1.02,53.0
314,Female,73,High Net Worth,Yes,3,QLD,8,0.51,0.6375,0.6375,0.6375,312,312,1.02,29.0
315,Female,96,High Net Worth,No,18,VIC,9,0.67,0.67,0.8375,0.8375,312,312,1.02,43.0
316,Female,3,Mass Customer,Yes,15,VIC,6,0.74,0.925,0.925,0.78625,312,312,1.02,64.0
317,Female,20,Mass Customer,Yes,15,QLD,7,1.05,1.3125,1.3125,1.1156249999999999,312,312,1.02,36.0
318,Female,74,Affluent Customer,Yes,14,NSW,8,0.63,0.7875,0.7875,0.7875,312,312,1.02,66.0
319,Male,87,Affluent Customer,Yes,4,NSW,9,0.95,1.1875,1.484375,1.484375,320,320,1.015625,40.0
320,Male,78,High Net Worth,Yes,7,VIC,7,0.65,0.8125,0.8125,0.8125,320,320,1.015625,45.0
321,Male,23,High Net Worth,No,12,NSW,6,0.96,0.96,0.96,0.96,322,322,1.0125,44.0
322,Female,0,Mass Customer,No,17,NSW,9,0.74,0.74,0.925,0.78625,322,322,1.0125,40.0
323,Male,35,High Net Worth,No,9,VIC,9,0.47,0.47,0.5874999999999999,0.5874999999999999,324,324,1.01,29.0
324,Male,69,Mass Customer,Yes,3,VIC,3,0.99,1.2375,1.2375,1.0518750000000001,324,324,1.01,47.0
325,Female,14,High Net Worth,No,7,VIC,1,0.65,0.65,0.65,0.65,326,326,1.009375,66.0
326,Female,17,Mass Customer,Yes,18,QLD,4,0.71,0.8875,0.8875,0.7543749999999999,326,326,1.009375,69.0
327,Male,84,Mass Customer,No,12,QLD,5,0.48,0.48,0.6,0.51,326,326,1.009375,39.0
328,Male,32,High Net Worth,No,21,QLD,6,0.91,0.91,0.91,0.91,329,329,1.0,43.0
329,Female,32,Mass Customer,No,11,NSW,4,0.84,0.84,0.84,0.714,329,329,1.0,49.0
330,Male,17,Affluent Customer,No,9,QLD,3,1.07,1.07,1.07,1.07,329,329,1.0,22.0
331,Male,46,High Net Worth,Yes,15,NSW,9,0.46,0.5750000000000001,0.7187500000000001,0.7187500000000001,329,329,1.0,62.0
332,Male,64,Mass Customer,Yes,7,VIC,8,0.92,1.1500000000000001,1.1500000000000001,0.9775,329,329,1.0,24.0
333,Male,33,Affluent Customer,Yes,9,VIC,2,0.83,1.0374999999999999,1.0374999999999999,1.0374999999999999,334,334,0.9987499999999998,43.0
334,Female,62,Mass Customer,Yes,15,NSW,10,1.08,1.35,1.6875,1.434375,334,334,0.9987499999999998,76.0
335,Male,81,Mass Customer,No,7,NSW,9,0.59,0.59,0.7374999999999999,0.626875,334,334,0.9987499999999998,78.0
336,Female,8,Mass Customer,Yes,16,VIC,7,0.91,1.1375,1.1375,0.9668749999999999,334,334,0.9987499999999998,22.0
337,Male,53,Affluent Customer,No,14,VIC,8,0.57,0.57,0.57,0.57,338,338,0.99609375,45.0
338,Male,18,Mass Customer,Yes,18,NSW,4,1.08,1.35,1.35,1.1475,338,338,0.99609375,65.0
339,Female,80,High Net Worth,Yes,7,VIC,9,0.45,0.5625,0.703125,0.703125,338,338,0.99609375,46.0
340,Female,93,Affluent Customer,Yes,17,QLD,3,0.97,1.2125,1.515625,1.515625,341,341,0.99,52.0
341,Female,38,Mass Customer,Yes,11,VIC,10,0.77,0.9625,1.203125,1.02265625,341,341,0.99,53.0
342,Male,84,Affluent Customer,No,10,QLD,6,0.93,0.93,1.1625,1.1625,341,341,0.99,70.0
343,Female,22,Mass Customer,Yes,16,QLD,10,0.47,0.5874999999999999,0.7343749999999999,0.6242187499999999,341,341,0.99,82.0
344,Male,17,Affluent Customer,Yes,13,QLD,7,0.71,0.8875,0.8875,0.8875,345,345,0.988125,57.0
345,Female,71,Mass Customer,Yes,7,NSW,8,0.6,0.75,0.75,0.6375,345,345,0.988125,69.0
346,Female,43,Mass Customer,Yes,7,NSW,9,0.97,1.2125,1.515625,1.28828125,345,345,0.988125,80.0
347,Male,22,High Net Worth,Yes,17,QLD,6,1.07,1.3375000000000001,1.3375000000000001,1.3375000000000001,345,345,0.988125,60.0
348,Female,11,Mass Customer,No,5,NSW,1,0.53,0.53,0.53,0.4505,349,349,0.9875,68.0
349,Male,67,High Net Worth,No,12,VIC,10,0.68,0.68,0.8500000000000001,0.8500000000000001,349,349,0.9875,40.0
350,Male,18,Mass Customer,No,17,QLD,8,0.55,0.55,0.55,0.4675,349,349,0.9875,65.0
351,Female,59,Mass Customer,No,13,NSW,6,0.6,0.6,0.6,0.51,349,349,0.9875,57.0
352,Female,74,Mass Customer,Yes,17,VIC,10,0.72,0.8999999999999999,1.125,0.9562499999999999,349,349,0.9875,77.0
353,Male,19,Affluent Customer,Yes,12,NSW,8,0.69,0.8624999999999999,0.8624999999999999,0.8624999999999999,349,349,0.9875,68.0
354,Female,59,Affluent Customer,Yes,14,VIC,5,0.55,0.6875,0.6875,0.6875,355,355,0.984375,19.0
355,Female,45,Affluent Customer,No,10,NSW,8,1.04,1.04,1.04,1.04,356,356,0.9828125,41.0
356,Female,30,Mass Customer,Yes,11,VIC,7,0.79,0.9875,0.9875,0.839375,356,356,0.9828125,77.0
357,Male,59,Affluent Customer,No,12,NSW,11,0.87,0.87,1.0875,1.0875,358,358,0.98,50.0
358,Male,65,Affluent Customer,No,5,QLD,8,0.54,0.54,0.54,0.54,358,358,0.98,47.0
359,Male,99,High Net Worth,No,10,VIC,7,1.02,1.02,1.275,1.275,358,358,0.98,31.0
360,Male,71,Mass Customer,Yes,11,VIC,7,0.69,0.8624999999999999,0.8624999999999999,0.7331249999999999,361,361,0.9775,47.0
361,Male,7,Mass Customer,No,12,NSW,10,0.92,0.92,1.1500000000000001,0.9775,361,361,0.9775,42.0
362,Female,67,Mass Customer,Yes,10,NSW,2,1.01,1.2625,1.2625,1.0731249999999999,361,361,0.9775,24.0
363,Male,13,Mass Customer,No,13,VIC,11,0.86,0.86,1.075,0.91375,361,361,0.9775,64.0
364,Female,62,Mass Customer,Yes,15,NSW,4,0.6,0.75,0.75,0.6375,361,361,0.9775,22.0
365,Male,60,Affluent Customer,No,18,QLD,10,0.83,0.83,1.0374999999999999,1.0374999999999999,366,366,0.9750000000000001,40.0
366,Female,84,Mass Customer,No,11,NSW,8,0.65,0.65,0.8125,0.6906249999999999,366,366,0.9750000000000001,50.0
367,Male,18,High Net Worth,Yes,9,VIC,7,0.73,0.9125,0.9125,0.9125,366,366,0.9750000000000001,62.0
368,Female,6,Mass Customer,Yes,20,NSW,9,0.91,1.1375,1.421875,1.20859375,366,366,0.9750000000000001,64.0
369,Male,50,High Net Worth,No,4,VIC,4,0.43,0.43,0.43,0.43,370,370,0.97,27.0
370,Female,57,Mass Customer,No,11,QLD,11,0.78,0.78,0.9750000000000001,0.8287500000000001,371,371,0.96875,43.0
371,Male,30,Mass Customer,Yes,6,NSW,9,0.89,1.1125,1.390625,1.1820312499999999,372,372,0.9668749999999999,58.0
372,Male,4,Mass Customer,No,9,NSW,10,0.86,0.86,1.075,0.91375,372,372,0.9668749999999999,47.0
373,Male,54,Affluent Customer,No,11,VIC,11,1.07,1.07,1.3375000000000001,1.3375000000000001,372,372,0.9668749999999999,46.0
374,Male,66,Mass Customer,No,15,QLD,6,0.89,0.89,0.89,0.7565,375,375,0.96,47.0
375,Male,7,High Net Worth,Yes,20,QLD,8,0.54,0.675,0.675,0.675,375,375,0.96,61.0
376,Male,60,High Net Worth,No,10,QLD,2,0.83,0.83,0.83,0.83,375,375,0.96,47.0
377,Female,81,High Net Worth,No,2,VIC,1,0.64,0.64,0.8,0.8,378,378,0.9562499999999999,35.0
378,Female,34,Affluent Customer,No,14,VIC,6,0.87,0.87,0.87,0.87,378,378,0.9562499999999999,47.0
379,Female,40,Mass Customer,Yes,16,QLD,5,0.99,1.2375,1.2375,1.0518750000000001,378,378,0.9562499999999999,79.0
380,Female,7,Mass Customer,No,12,NSW,6,0.55,0.55,0.55,0.4675,378,378,0.9562499999999999,58.0
381,Female,4,Affluent Customer,Yes,2,NSW,12,1.07,1.3375000000000001,1.6718750000000002,1.6718750000000002,382,382,0.95,25.0
382,Male,85,Mass Customer,Yes,8,NSW,10,0.86,1.075,1.34375,1.1421875,382,382,0.95,57.0
383,Female,65,Affluent Customer,No,17,NSW,7,0.87,0.87,0.87,0.87,382,382,0.95,77.0
384,Male,82,Affluent Customer,Yes,9,VIC,6,0.99,1.2375,1.546875,1.546875,382,382,0.95,26.0
385,Male,46,High Net Worth,Yes,9,QLD,7,1.01,1.2625,1.2625,1.2625,386,386,0.945625,67.0
386,Female,11,Mass Customer,No,13,NSW,8,0.4,0.4,0.4,0.34,386,386,0.945625,60.0
387,Female,15,Affluent Customer,Yes,8,VIC,5,0.64,0.8,0.8,0.8,386,386,0.945625,48.0
388,Male,51,Affluent Customer,No,5,QLD,3,0.52,0.52,0.52,0.52,386,386,0.945625,28.0
389,Female,75,Mass Customer,No,22,NSW,7,1.09,1.09,1.09,0.9265,386,386,0.945625,73.0
390,Female,25,High Net Worth,No,21,VIC,6,1.02,1.02,1.02,1.02,386,386,0.945625,42.0
391,Female,92,Affluent Customer,No,10,NSW,10,0.69,0.69,0.8624999999999999,0.8624999999999999,386,386,0.945625,82.0
392,Male,36,Mass Customer,Yes,6,NSW,11,0.97,1.2125,1.515625,1.28828125,386,386,0.945625,39.0
393,Male,10,Mass Customer,No,19,VIC,9,0.63,0.63,0.7875,0.6693749999999999,386,386,0.945625,71.0
394,Male,74,Mass Customer,Yes,5,VIC,9,0.55,0.6875,0.859375,0.73046875,395,395,0.94,31.0
395,Female,73,Mass Customer,Yes,9,NSW,12,0.62,0.775,0.96875,0.8234374999999999,396,396,0.9375,60.0
396,Female,66,Mass Customer,Yes,4,QLD,3,0.92,1.1500000000000001,1.1500000000000001,0.9775,396,396,0.9375,19.0
397,Female,84,High Net Worth,Yes,15,QLD,5,0.62,0.775,0.96875,0.96875,396,396,0.9375,60.0
398,Male,54,Mass Customer,Yes,21,NSW,8,0.75,0.9375,0.9375,0.796875,396,396,0.9375,79.0
399,Male,72,Affluent Customer,No,18,NSW,10,0.78,0.78,0.9750000000000001,0.9750000000000001,396,396,0.9375,42.0
400,Male,53,Mass Customer,No,12,NSW,5,0.77,0.77,0.77,0.6545,401,401,0.935,45.0
401,Female,91,Mass Customer,Yes,13,VIC,10,0.45,0.5625,0.703125,0.59765625,401,401,0.935,54.0
402,Male,56,Mass Customer,Yes,13,VIC,7,0.92,1.1500000000000001,1.1500000000000001,0.9775,401,401,0.935,66.0
403,Male,80,Affluent Customer,Yes,17,NSW,11,0.61,0.7625,0.953125,0.953125,401,401,0.935,43.0
404,Female,67,High Net Worth,Yes,16,VIC,7,0.49,0.6125,0.6125,0.6125,405,405,0.93,44.0
405,Female,5,Mass Customer,Yes,13,NSW,11,0.69,0.8624999999999999,1.078125,0.91640625,405,405,0.93,41.0
406,Male,21,Mass Customer,No,19,NSW,11,0.77,0.77,0.9625,0.818125,405,405,0.93,83.0
407,Female,24,High Net Worth,No,12,VIC,7,0.85,0.85,0.85,0.85,408,408,0.9296875,25.0
408,Female,75,High Net Worth,No,10,VIC,10,0.56,0.56,0.7000000000000001,0.7000000000000001,409,409,0.925,38.0
409,Female,15,Affluent Customer,No,18,NSW,7,1.07,1.07,1.07,1.07,409,409,0.925,64.0
410,Female,81,Mass Customer,Yes,21,NSW,8,0.64,0.8,1.0,0.85,409,409,0.925,75.0
411,Male,84,Mass Customer,No,14,VIC,11,0.67,0.67,0.8375,0.711875,409,409,0.925,26.0
412,Male,65,Mass Customer,No,17,NSW,8,1.1,1.1,1.1,0.935,409,409,0.925,67.0
413,Female,48,High Net Worth,No,11,NSW,12,0.64,0.64,0.8,0.8,414,414,0.924375,63.0
414,Male,37,Mass Customer,No,9,NSW,9,0.65,0.65,0.8125,0.6906249999999999,415,415,0.9218749999999999,83.0
415,Male,57,Mass Customer,Yes,15,QLD,2,0.91,1.1375,1.1375,0.9668749999999999,415,415,0.9218749999999999,58.0
416,Male,57,Affluent Customer,No,17,VIC,3,0.44,0.44,0.44,0.44,415,415,0.9218749999999999,68.0
417,Female,46,Mass Customer,No,7,NSW,3,0.92,0.92,0.92,0.782,418,418,0.918,32.0
418,Male,76,Affluent Customer,Yes,1,NSW,10,0.74,0.925,1.15625,1.15625,419,419,0.91640625,23.0
419,Female,33,Mass Customer,No,3,NSW,1,0.99,0.99,0.99,0.8415,420,420,0.91375,30.0
420,Female,90,Mass Customer,No,12,NSW,11,0.93,0.93,1.1625,0.988125,420,420,0.91375,73.0
421,Male,97,Mass Customer,Yes,10,NSW,8,0.46,0.5750000000000001,0.7187500000000001,0.6109375000000001,420,420,0.91375,51.0
422,Male,3,Mass Customer,No,12,NSW,9,0.45,0.45,0.5625,0.47812499999999997,420,420,0.91375,30.0
423,Male,87,Affluent Customer,No,15,VIC,5,0.41,0.41,0.5125,0.5125,420,420,0.91375,28.0
424,Male,70,Mass Customer,Yes,19,NSW,9,0.4,0.5,0.625,0.53125,420,420,0.91375,76.0
425,Female,13,Mass Customer,Yes,20,QLD,9,0.6,0.75,0.9375,0.796875,420,420,0.91375,74.0
426,Female,96,Mass Customer,Yes,18,NSW,7,0.65,0.8125,1.015625,0.86328125,427,427,0.9125,46.0
427,Female,52,High Net Worth,No,13,NSW,9,0.41,0.41,0.5125,0.5125,427,427,0.9125,52.0
428,Female,6,Affluent Customer,Yes,20,NSW,9,0.94,1.1749999999999998,1.4687499999999998,1.4687499999999998,429,429,0.91,44.0
429,Female,51,Affluent Customer,No,8,NSW,4,0.41,0.41,0.41,0.41,430,430,0.9095,81.0
430,Male,23,Mass Customer,Yes,4,NSW,8,0.8,1.0,1.0,0.85,430,430,0.9095,47.0
431,Female,58,Mass Customer,Yes,17,NSW,9,0.89,1.1125,1.390625,1.1820312499999999,430,430,0.9095,46.0
432,Male,72,Mass Customer,No,16,QLD,4,0.87,0.87,0.87,0.7394999999999999,433,433,0.90625,64.0
433,Male,61,Affluent Customer,No,12,VIC,8,0.94,0.94,0.94,0.94,433,433,0.90625,43.0
434,Male,52,Mass Customer,No,7,VIC,5,0.69,0.69,0.69,0.5864999999999999,433,433,0.90625,47.0
435,Male,15,High Net Worth,Yes,22,VIC,7,0.65,0.8125,0.8125,0.8125,436,436,0.903125,48.0
436,Male,37,High Net Worth,Yes,10,NSW,8,0.84,1.05,1.05,1.05,436,436,0.903125,24.0
437,Male,28,Affluent Customer,Yes,7,VIC,2,0.73,0.9125,0.9125,0.9125,436,436,0.903125,47.0
438,Male,47,Mass Customer,No,7,NSW,10,0.53,0.53,0.6625000000000001,0.5631250000000001,436,436,0.903125,69.0
439,Male,93,Mass Customer,Yes,14,VIC,6,0.79,0.9875,1.234375,1.0492187499999999,436,436,0.903125,47.0
440,Female,59,High Net Worth,Yes,14,NSW,1,0.66,0.8250000000000001,0.8250000000000001,0.8250000000000001,441,441,0.901,80.0
441,Male,16,Affluent Customer,No,15,VIC,8,0.41,0.41,0.41,0.41,441,441,0.901,24.0
442,Female,30,Mass Customer,Yes,14,NSW,2,0.79,0.9875,0.9875,0.839375,441,441,0.901,34.0
443,Female,59,Mass Customer,No,6,NSW,2,0.72,0.72,0.72,0.612,444,444,0.9,57.0
444,Female,76,Mass Customer,Yes,10,QLD,7,0.81,1.0125000000000002,1.0125000000000002,0.8606250000000001,444,444,0.9,49.0
445,Male,67,Affluent Customer,No,8,QLD,5,0.59,0.59,0.59,0.59,444,444,0.9,28.0
446,Male,54,High Net Worth,Yes,5,VIC,11,0.92,1.1500000000000001,1.4375000000000002,1.4375000000000002,444,444,0.9,63.0
447,Female,83,High Net Worth,Yes,8,QLD,4,1.09,1.3625,1.703125,1.703125,444,444,0.9,55.0
448,Male,61,Affluent Customer,No,11,NSW,10,0.83,0.83,1.0374999999999999,1.0374999999999999,444,444,0.9,44.0
449,Female,47,High Net Worth,Yes,3,NSW,10,0.95,1.1875,1.484375,1.484375,450,450,0.8999999999999999,23.0
450,Female,84,Mass Customer,No,9,VIC,4,0.64,0.64,0.8,0.68,450,450,0.8999999999999999,25.0
451,Female,0,High Net Worth,Yes,14,VIC,5,0.41,0.5125,0.5125,0.5125,450,450,0.8999999999999999,30.0
452,Female,12,High Net Worth,No,21,NSW,9,0.57,0.57,0.7124999999999999,0.7124999999999999,450,450,0.8999999999999999,78.0
453,Male,42,High Net Worth,No,14,NSW,11,0.95,0.95,1.1875,1.1875,450,450,0.8999999999999999,39.0
454,Male,70,Mass Customer,No,17,NSW,11,0.58,0.58,0.725,0.61625,455,455,0.8925,36.0
455,Female,21,High Net Worth,No,10,VIC,6,1.0,1.0,1.0,1.0,455,455,0.8925,60.0
456,Female,17,High Net Worth,No,17,QLD,3,0.54,0.54,0.54,0.54,455,455,0.8925,45.0
457,Female,19,Affluent Customer,Yes,13,QLD,8,1.04,1.3,1.3,1.3,455,455,0.8925,49.0
458,Female,60,Mass Customer,No,16,VIC,10,1.07,1.07,1.3375000000000001,1.136875,455,455,0.8925,74.0
459,Male,7,Affluent Customer,Yes,21,NSW,12,0.99,1.2375,1.546875,1.546875,455,455,0.8925,70.0
460,Female,67,Mass Customer,Yes,14,QLD,3,0.99,1.2375,1.2375,1.0518750000000001,455,455,0.8925,47.0
461,Female,59,Mass Customer,Yes,19,NSW,9,0.56,0.7000000000000001,0.8750000000000001,0.74375,455,455,0.8925,81.0
462,Female,24,Mass Customer,No,8,VIC,4,0.74,0.74,0.74,0.629,455,455,0.8925,74.0
463,Male,56,Mass Customer,Yes,5,NSW,7,0.72,0.8999999999999999,0.8999999999999999,0.7649999999999999,464,464,0.8906249999999999,56.0
464,Female,25,Mass Customer,No,16,NSW,11,0.47,0.47,0.5874999999999999,0.4993749999999999,464,464,0.8906249999999999,44.0
465,Female,22,High Net Worth,Yes,2,VIC,10,0.53,0.6625000000000001,0.8281250000000001,0.8281250000000001,466,466,0.89,28.0
466,Male,42,Mass Customer,No,19,QLD,8,0.8,0.8,0.8,0.68,466,466,0.89,49.0
467,Female,38,Mass Customer,Yes,18,NSW,7,0.94,1.1749999999999998,1.1749999999999998,0.9987499999999998,468,468,0.8898437499999999,51.0
468,Female,75,Mass Customer,No,10,NSW,9,0.64,0.64,0.8,0.68,468,468,0.8898437499999999,21.0
469,Female,50,Mass Customer,No,14,VIC,10,1.0,1.0,1.25,1.0625,468,468,0.8898437499999999,20.0
470,Female,50,Mass Customer,Yes,4,QLD,7,0.97,1.2125,1.2125,1.030625,471,471,0.8875,31.0
471,Male,95,Mass Customer,Yes,18,VIC,9,0.74,0.925,1.15625,0.9828125,471,471,0.8875,54.0
472,Male,9,Affluent Customer,No,7,NSW,10,0.59,0.59,0.7374999999999999,0.7374999999999999,473,473,0.884,22.0
473,Male,99,Affluent Customer,Yes,20,NSW,5,0.94,1.1749999999999998,1.4687499999999998,1.4687499999999998,473,473,0.884,65.0
474,Male,31,Mass Customer,Yes,15,NSW,10,0.86,1.075,1.34375,1.1421875,475,475,0.8818749999999999,42.0
475,Male,7,Affluent Customer,Yes,9,NSW,3,1.01,1.2625,1.2625,1.2625,475,475,0.8818749999999999,20.0
476,Female,25,Mass Customer,No,16,VIC,10,0.53,0.53,0.6625000000000001,0.5631250000000001,475,475,0.8818749999999999,49.0
477,Female,43,High Net Worth,No,11,NSW,8,0.54,0.54,0.54,0.54,478,478,0.88,26.0
478,Male,89,Mass Customer,No,12,NSW,9,1.04,1.04,1.3,1.105,478,478,0.88,64.0
479,Female,73,High Net Worth,No,15,NSW,7,0.53,0.53,0.53,0.53,478,478,0.88,70.0
480,Male,25,Mass Customer,Yes,10,VIC,7,0.41,0.5125,0.5125,0.43562499999999993,478,478,0.88,42.0
481,Male,97,Mass Customer,Yes,8,VIC,2,0.87,1.0875,1.359375,1.15546875,478,478,0.88,62.0
482,Female,13,Affluent Customer,No,13,NSW,7,0.56,0.56,0.56,0.56,483,483,0.8765625,82.0
483,Male,82,Mass Customer,Yes,14,NSW,7,0.87,1.0875,1.359375,1.15546875,483,483,0.8765625,60.0
484,Male,29,High Net Worth,No,11,VIC,4,0.61,0.61,0.61,0.61,485,485,0.8755,51.0
485,Male,46,High Net Worth,Yes,13,QLD,4,0.67,0.8375,0.8375,0.8375,486,486,0.875,77.0
486,Female,69,High Net Worth,No,8,VIC,6,0.92,0.92,0.92,0.92,486,486,0.875,55.0
487,Male,83,High Net Worth,Yes,19,QLD,3,0.4,0.5,0.625,0.625,486,486,0.875,55.0
488,Male,4,High Net Worth,Yes,6,VIC,1,0.54,0.675,0.675,0.675,486,486,0.875,27.0
489,Female,68,Affluent Customer,Yes,10,NSW,3,0.63,0.7875,0.7875,0.7875,486,486,0.875,46.0
490,Female,72,Mass Customer,Yes,10,NSW,9,0.71,0.8875,1.109375,0.94296875,486,486,0.875,46.0
491,Female,56,Mass Customer,No,11,VIC,8,0.65,0.65,0.65,0.5525,492,492,0.8712499999999999,56.0
492,Female,55,Mass Customer,No,2,NSW,8,0.47,0.47,0.47,0.39949999999999997,492,492,0.8712499999999999,25.0
493,Female,15,Mass Customer,Yes,21,VIC,9,0.94,1.1749999999999998,1.4687499999999998,1.2484374999999999,494,494,0.867,77.0
494,Male,39,Affluent Customer,No,14,QLD,7,0.47,0.47,0.47,0.47,495,495,0.86328125,44.0
495,Male,86,Affluent Customer,Yes,10,NSW,10,0.78,0.9750000000000001,1.21875,1.21875,495,495,0.86328125,24.0
496,Female,59,High Net Worth,No,13,NSW,11,0.44,0.44,0.55,0.55,495,495,0.86328125,69.0
497,Female,69,Affluent Customer,No,15,NSW,4,0.44,0.44,0.44,0.44,498,498,0.8606250000000001,61.0
498,Female,56,Mass Customer,No,6,NSW,9,0.94,0.94,1.1749999999999998,0.9987499999999998,498,498,0.8606250000000001,32.0
499,Female,5,Mass Customer,Yes,11,QLD,5,0.79,0.9875,0.9875,0.839375,500,500,0.86,67.0
500,Male,82,Mass Customer,No,16,VIC,10,0.54,0.54,0.675,0.57375,500,500,0.86,54.0
501,Male,27,Mass Customer,Yes,8,NSW,9,0.87,1.0875,1.359375,1.15546875,502,502,0.8584999999999999,45.0
502,Female,10,Affluent Customer,Yes,17,NSW,7,1.04,1.3,1.3,1.3,502,502,0.8584999999999999,47.0
503,Male,68,High Net Worth,Yes,20,QLD,4,1.0,1.25,1.25,1.25,504,504,0.8500000000000001,61.0
504,Female,30,Mass Customer,Yes,19,NSW,9,0.51,0.6375,0.796875,0.67734375,504,504,0.8500000000000001,46.0
505,Male,13,High Net Worth,No,11,NSW,7,0.84,0.84,0.84,0.84,504,504,0.8500000000000001,76.0
506,Male,44,Affluent Customer,No,4,VIC,7,0.59,0.59,0.59,0.59,507,507,0.85,41.0
507,Female,94,Mass Customer,Yes,19,QLD,8,0.69,0.8624999999999999,1.078125,0.91640625,507,507,0.85,47.0
508,Female,6,Mass Customer,Yes,13,NSW,9,1.1,1.375,1.71875,1.4609375,507,507,0.85,45.0
509,Male,41,Affluent Customer,No,9,NSW,11,0.87,0.87,1.0875,1.0875,507,507,0.85,41.0
510,Male,4,Mass Customer,No,11,NSW,8,0.59,0.59,0.59,0.5015,507,507,0.85,48.0
511,Male,57,High Net Worth,No,12,VIC,9,0.76,0.76,0.95,0.95,507,507,0.85,22.0
512,Female,81,High Net Worth,No,9,VIC,8,0.85,0.85,1.0625,1.0625,513,513,0.8415,45.0
513,Female,94,Mass Customer,Yes,10,QLD,2,0.87,1.0875,1.359375,1.15546875,513,513,0.8415,67.0
514,Female,72,Mass Customer,Yes,10,QLD,9,0.95,1.1875,1.484375,1.26171875,515,515,0.839375,33.0
515,Female,91,Mass Customer,No,9,VIC,2,0.43,0.43,0.5375,0.456875,515,515,0.839375,50.0
516,Male,75,Mass Customer,Yes,5,NSW,9,0.9,1.125,1.40625,1.1953125,515,515,0.839375,20.0
517,Female,87,High Net Worth,Yes,11,QLD,8,0.75,0.9375,1.171875,1.171875,515,515,0.839375,57.0
518,Female,79,Affluent Customer,No,12,NSW,4,0.79,0.79,0.79,0.79,515,515,0.839375,22.0
519,Female,87,Mass Customer,Yes,9,QLD,6,0.72,0.8999999999999999,1.125,0.9562499999999999,520,520,0.8375,67.0
520,Female,33,High Net Worth,No,12,NSW,9,1.1,1.1,1.375,1.375,520,520,0.8375,70.0
521,Male,42,Mass Customer,Yes,12,VIC,8,0.55,0.6875,0.6875,0.584375,520,520,0.8375,65.0
522,Male,60,High Net Worth,No,2,NSW,12,0.81,0.81,1.0125000000000002,1.0125000000000002,520,520,0.8375,30.0
523,Male,44,Affluent Customer,Yes,11,NSW,6,1.08,1.35,1.35,1.35,524,524,0.83671875,71.0
524,Male,79,High Net Worth,Yes,8,VIC,7,0.81,1.0125000000000002,1.0125000000000002,1.0125000000000002,524,524,0.83671875,41.0
525,Male,11,High Net Worth,Yes,13,VIC,10,0.91,1.1375,1.421875,1.421875,526,526,0.833,67.0
526,Female,26,Mass Customer,Yes,14,VIC,12,0.89,1.1125,1.390625,1.1820312499999999,526,526,0.833,57.0
527,Male,97,Affluent Customer,No,13,VIC,8,0.57,0.57,0.7124999999999999,0.7124999999999999,526,526,0.833,68.0
528,Female,59,High Net Worth,No,9,NSW,9,0.49,0.49,0.6125,0.6125,529,529,0.83,49.0
529,Female,56,High Net Worth,No,19,NSW,11,0.45,0.45,0.5625,0.5625,530,530,0.8287500000000001,48.0
530,Female,18,Mass Customer,No,12,NSW,4,0.79,0.79,0.79,0.6715,530,530,0.8287500000000001,23.0
531,Female,71,Mass Customer,Yes,9,NSW,6,0.74,0.925,0.925,0.78625,530,530,0.8287500000000001,40.0
532,Male,61,Mass Customer,No,8,VIC,8,0.47,0.47,0.47,0.39949999999999997,530,530,0.8287500000000001,35.0
533,Male,55,Mass Customer,No,9,NSW,3,0.74,0.74,0.74,0.629,530,530,0.8287500000000001,66.0
534,Male,62,High Net Worth,Yes,22,VIC,8,0.63,0.7875,0.7875,0.7875,530,530,0.8287500000000001,69.0
535,Female,10,Mass Customer,Yes,17,QLD,7,0.82,1.025,1.025,0.8712499999999999,536,536,0.8250000000000001,65.0
536,Male,16,Mass Customer,Yes,15,NSW,6,1.06,1.3250000000000002,1.3250000000000002,1.1262500000000002,536,536,0.8250000000000001,43.0
537,Male,62,Affluent Customer,No,15,VIC,8,1.01,1.01,1.01,1.01,536,536,0.8250000000000001,27.0
538,Female,41,High Net Worth,No,15,VIC,7,0.65,0.65,0.65,0.65,536,536,0.8250000000000001,43.0
539,Female,37,Mass Customer,No,7,NSW,12,0.79,0.79,0.9875,0.839375,536,536,0.8250000000000001,24.0
540,Male,80,High Net Worth,No,5,NSW,10,0.63,0.63,0.7875,0.7875,536,536,0.8250000000000001,56.0
541,Female,78,Affluent Customer,No,13,QLD,5,0.58,0.58,0.58,0.58,536,536,0.8250000000000001,45.0
542,Female,10,Affluent Customer,No,16,NSW,9,0.42,0.42,0.525,0.525,536,536,0.8250000000000001,46.0
543,Male,68,Mass Customer,No,8,NSW,7,0.4,0.4,0.4,0.34,544,544,0.8245,71.0
544,Male,60,High Net Worth,Yes,2,VIC,6,0.44,0.55,0.55,0.55,544,544,0.8245,23.0
545,Female,0,Mass Customer,No,13,NSW,12,1.04,1.04,1.3,1.105,546,546,0.8234374999999999,44.0
546,Female,99,Mass Customer,No,5,NSW,7,0.76,0.76,0.95,0.8075,546,546,0.8234374999999999,49.0
547,Female,37,High Net Worth,Yes,9,NSW,10,0.93,1.1625,1.453125,1.453125,546,546,0.8234374999999999,48.0
548,Male,69,Affluent Customer,No,13,NSW,9,0.66,0.66,0.8250000000000001,0.8250000000000001,549,549,0.82,37.0
549,Female,42,High Net Worth,Yes,12,NSW,12,0.61,0.7625,0.953125,0.953125,549,549,0.82,30.0
550,Female,34,High Net Worth,Yes,11,VIC,9,0.43,0.5375,0.671875,0.671875,551,551,0.818125,42.0
551,Female,83,High Net Worth,Yes,5,QLD,6,0.81,1.0125000000000002,1.2656250000000002,1.2656250000000002,552,552,0.816,45.0
552,Male,12,Mass Customer,Yes,13,QLD,3,0.9,1.125,1.125,0.9562499999999999,552,552,0.816,22.0
553,Female,55,Affluent Customer,No,17,NSW,6,0.44,0.44,0.44,0.44,552,552,0.816,63.0
554,Female,79,High Net Worth,Yes,13,NSW,8,0.8,1.0,1.0,1.0,555,555,0.8125,26.0
555,Male,23,High Net Worth,No,12,NSW,7,0.66,0.66,0.66,0.66,555,555,0.8125,28.0
556,Male,79,High Net Worth,No,13,VIC,3,0.49,0.49,0.49,0.49,555,555,0.8125,49.0
557,Male,46,High Net Worth,No,13,NSW,9,0.95,0.95,1.1875,1.1875,555,555,0.8125,27.0
558,Male,70,High Net Worth,No,8,NSW,12,0.66,0.66,0.8250000000000001,0.8250000000000001,555,555,0.8125,74.0
559,Male,60,High Net Worth,No,13,NSW,6,0.82,0.82,0.82,0.82,555,555,0.8125,71.0
560,Male,15,Mass Customer,No,13,QLD,3,0.88,0.88,0.88,0.748,561,561,0.81015625,70.0
561,Female,80,Mass Customer,No,5,QLD,8,0.61,0.61,0.61,0.5185,562,562,0.81,67.0
562,Male,4,Mass Customer,Yes,13,QLD,10,0.78,0.9750000000000001,1.21875,1.0359375,563,563,0.8075,27.0
563,Male,67,Affluent Customer,No,13,NSW,10,1.02,1.02,1.275,1.275,563,563,0.8075,54.0
564,Female,87,Affluent Customer,Yes,20,NSW,9,0.86,1.075,1.34375,1.34375,563,563,0.8075,66.0
565,Male,73,High Net Worth,Yes,15,NSW,6,0.74,0.925,0.925,0.925,563,563,0.8075,66.0
566,Female,17,High Net Worth,Yes,12,NSW,10,0.89,1.1125,1.390625,1.390625,563,563,0.8075,57.0
567,Male,40,Mass Customer,Yes,14,VIC,7,0.74,0.925,0.925,0.78625,568,568,0.8,35.0
568,Male,81,Mass Customer,No,14,QLD,1,0.69,0.69,0.8624999999999999,0.7331249999999999,568,568,0.8,30.0
569,Female,66,Mass Customer,Yes,2,QLD,7,0.94,1.1749999999999998,1.1749999999999998,0.9987499999999998,568,568,0.8,20.0
570,Female,53,Mass Customer,Yes,18,NSW,8,0.82,1.025,1.025,0.8712499999999999,568,568,0.8,53.0
571,Male,81,Mass Customer,Yes,21,NSW,9,1.0,1.25,1.5625,1.328125,568,568,0.8,71.0
572,Male,1,Mass Customer,No,16,NSW,8,0.97,0.97,0.97,0.8245,568,568,0.8,79.0
573,Female,49,High Net Worth,Yes,18,VIC,7,0.47,0.5874999999999999,0.5874999999999999,0.5874999999999999,574,574,0.7989999999999999,56.0
574,Male,69,Mass Customer,No,12,NSW,7,0.62,0.62,0.62,0.527,575,575,0.796875,47.0
575,Female,66,Mass Customer,No,4,NSW,7,0.93,0.93,0.93,0.7905,575,575,0.796875,23.0
576,Male,90,Affluent Customer,No,7,VIC,2,0.66,0.66,0.8250000000000001,0.8250000000000001,575,575,0.796875,78.0
577,Male,33,High Net Worth,Yes,9,NSW,9,0.49,0.6125,0.765625,0.765625,575,575,0.796875,45.0
578,Female,64,Mass Customer,No,11,NSW,9,0.65,0.65,0.8125,0.6906249999999999,575,575,0.796875,27.0
579,Male,75,Mass Customer,Yes,13,VIC,8,0.92,1.1500000000000001,1.1500000000000001,0.9775,575,575,0.796875,27.0
580,Female,47,Mass Customer,No,11,NSW,10,0.91,0.91,1.1375,0.9668749999999999,575,575,0.796875,48.0
581,Female,3,High Net Worth,Yes,13,QLD,8,0.83,1.0374999999999999,1.0374999999999999,1.0374999999999999,582,582,0.79,31.0
582,Female,2,Affluent Customer,Yes,4,NSW,11,0.89,1.1125,1.390625,1.390625,583,583,0.7875,26.0
583,Male,9,Mass Customer,Yes,11,NSW,7,0.93,1.1625,1.1625,0.988125,583,583,0.7875,26.0
584,Female,26,Mass Customer,No,10,VIC,1,0.4,0.4,0.4,0.34,583,583,0.7875,70.0
585,Female,27,Affluent Customer,No,15,VIC,3,0.41,0.41,0.41,0.41,583,583,0.7875,83.0
586,Male,32,Affluent Customer,No,14,QLD,6,0.81,0.81,0.81,0.81,587,587,0.78625,25.0
587,Male,95,Affluent Customer,Yes,1,QLD,8,0.83,1.0374999999999999,1.2968749999999998,1.2968749999999998,587,587,0.78625,27.0
588,Male,83,High Net Worth,No,18,NSW,8,0.58,0.58,0.725,0.725,587,587,0.78625,47.0
589,Female,39,High Net Worth,Yes,17,VIC,7,0.95,1.1875,1.1875,1.1875,590,590,0.7835937499999999,34.0
590,Male,1,Mass Customer,No,10,VIC,6,0.54,0.54,0.54,0.459,591,591,0.782,42.0
591,Female,44,Affluent Customer,Yes,13,VIC,8,0.6,0.75,0.75,0.75,591,591,0.782,25.0
592,Male,83,Mass Customer,No,7,VIC,5,0.62,0.62,0.775,0.65875,591,591,0.782,56.0
593,Male,13,Mass Customer,No,20,NSW,8,0.94,0.94,0.94,0.7989999999999999,594,594,0.78125,66.0
594,Female,21,Affluent Customer,Yes,8,VIC,3,0.49,0.6125,0.6125,0.6125,595,595,0.775625,48.0
595,Female,6,Mass Customer,Yes,10,VIC,8,0.95,1.1875,1.1875,1.009375,595,595,0.775625,63.0
596,Male,57,Mass Customer,Yes,9,NSW,5,0.44,0.55,0.55,0.4675,595,595,0.775625,43.0
597,Male,29,High Net Worth,No,1,NSW,11,0.61,0.61,0.7625,0.7625,595,595,0.775625,27.0
598,Male,15,Affluent Customer,No,5,NSW,11,0.43,0.43,0.5375,0.5375,599,599,0.775,47.0
599,Female,59,Mass Customer,No,14,NSW,12,0.64,0.64,0.8,0.68,599,599,0.775,82.0
600,Male,63,Affluent Customer,Yes,15,NSW,9,0.94,1.1749999999999998,1.4687499999999998,1.4687499999999998,599,599,0.775,25.0
601,Male,68,Affluent Customer,Yes,11,NSW,11,1.03,1.2875,1.609375,1.609375,602,602,0.7735,24.0
602,Female,45,Mass Customer,Yes,10,QLD,7,0.51,0.6375,0.6375,0.541875,603,603,0.7703125,48.0
603,Male,93,Affluent Customer,Yes,10,VIC,7,0.87,1.0875,1.359375,1.359375,604,604,0.765,60.0
604,Female,27,Affluent Customer,Yes,12,VIC,10,0.84,1.05,1.3125,1.3125,604,604,0.765,55.0
605,Female,33,Affluent Customer,No,20,NSW,9,0.67,0.67,0.8375,0.8375,606,606,0.7649999999999999,66.0
606,Male,96,Mass Customer,Yes,20,NSW,8,0.63,0.7875,0.984375,0.83671875,606,606,0.7649999999999999,66.0
607,Female,80,Mass Customer,Yes,12,NSW,6,0.64,0.8,0.8,0.68,606,606,0.7649999999999999,42.0
608,Male,70,Mass Customer,Yes,5,NSW,8,1.1,1.375,1.375,1.16875,609,609,0.7625,51.0
609,Female,94,Mass Customer,Yes,9,NSW,8,0.93,1.1625,1.453125,1.23515625,609,609,0.7625,23.0
610,Male,65,High Net Worth,No,16,QLD,7,0.99,0.99,0.99,0.99,609,609,0.7625,45.0
611,Female,88,Mass Customer,Yes,7,QLD,3,0.66,0.8250000000000001,1.03125,0.8765625,612,612,0.7570312499999999,52.0
612,Male,29,Affluent Customer,Yes,17,NSW,8,0.4,0.5,0.5,0.5,612,612,0.7570312499999999,71.0
613,Male,37,Mass Customer,Yes,14,VIC,8,0.78,0.9750000000000001,0.9750000000000001,0.8287500000000001,612,612,0.7570312499999999,70.0
614,Female,63,Mass Customer,No,8,NSW,9,1.1,1.1,1.375,1.16875,615,615,0.7565,64.0
615,Male,62,Mass Customer,Yes,6,NSW,12,0.6,0.75,0.9375,0.796875,615,615,0.7565,58.0
616,Female,47,Affluent Customer,Yes,17,NSW,11,0.47,0.5874999999999999,0.7343749999999999,0.7343749999999999,617,617,0.7543749999999999,65.0
617,Female,49,Mass Customer,No,8,QLD,7,0.63,0.63,0.63,0.5355,617,617,0.7543749999999999,48.0
618,Female,61,High Net Worth,No,16,NSW,9,0.92,0.92,1.1500000000000001,1.1500000000000001,617,617,0.7543749999999999,62.0
619,Female,22,Mass Customer,Yes,7,QLD,4,1.1,1.375,1.375,1.16875,620,620,0.75,53.0
620,Male,88,Mass Customer,Yes,6,NSW,2,0.57,0.7124999999999999,0.8906249999999999,0.7570312499999999,620,620,0.75,66.0
621,Female,62,Mass Customer,Yes,22,NSW,9,0.41,0.5125,0.640625,0.54453125,620,620,0.75,81.0
622,Male,31,Mass Customer,Yes,8,QLD,7,0.52,0.65,0.65,0.5525,620,620,0.75,23.0
623,Male,11,Mass Customer,No,19,QLD,9,1.03,1.03,1.2875,1.094375,620,620,0.75,54.0
624,Female,97,Affluent Customer,Yes,5,QLD,9,0.96,1.2,1.5,1.5,625,625,0.748,61.0
625,Male,51,Affluent Customer,Yes,6,NSW,9,0.96,1.2,1.5,1.5,626,626,0.74375,28.0
626,Female,17,Affluent Customer,Yes,7,VIC,7,0.59,0.7374999999999999,0.7374999999999999,0.7374999999999999,626,626,0.74375,48.0
627,Male,30,Mass Customer,No,9,QLD,7,0.75,0.75,0.75,0.6375,626,626,0.74375,60.0
628,Male,42,Affluent Customer,Yes,13,NSW,2,0.72,0.8999999999999999,0.8999999999999999,0.8999999999999999,626,626,0.74375,82.0
629,Male,7,Mass Customer,No,11,NSW,9,0.71,0.71,0.8875,0.7543749999999999,626,626,0.74375,76.0
630,Male,43,High Net Worth,Yes,16,NSW,7,0.78,0.9750000000000001,0.9750000000000001,0.9750000000000001,626,626,0.74375,34.0
631,Female,86,Mass Customer,Yes,17,QLD,5,0.73,0.9125,1.140625,0.96953125,632,632,0.74,59.0
632,Female,3,Mass Customer,Yes,13,VIC,8,0.62,0.775,0.775,0.65875,632,632,0.74,46.0
633,Male,88,Mass Customer,No,12,QLD,6,1.07,1.07,1.3375000000000001,1.136875,634,634,0.7394999999999999,24.0
634,Male,96,Mass Customer,Yes,16,QLD,5,0.46,0.5750000000000001,0.7187500000000001,0.6109375000000001,634,634,0.7394999999999999,67.0
635,Male,23,High Net Worth,No,18,VIC,1,1.0,1.0,1.0,1.0,634,634,0.7394999999999999,71.0
636,Male,97,High Net Worth,No,8,NSW,10,0.73,0.73,0.9125,0.9125,637,637,0.7374999999999999,43.0
637,Female,31,Affluent Customer,Yes,11,VIC,6,0.88,1.1,1.1,1.1,637,637,0.7374999999999999,67.0
638,Female,70,Affluent Customer,Yes,13,NSW,10,0.58,0.725,0.90625,0.90625,637,637,0.7374999999999999,71.0
639,Female,18,Affluent Customer,No,14,VIC,8,1.03,1.03,1.03,1.03,637,637,0.7374999999999999,55.0
640,Female,96,High Net Worth,No,8,QLD,7,0.82,0.82,1.025,1.025,641,641,0.7343749999999999,53.0
641,Male,42,Mass Customer,No,13,NSW,8,0.46,0.46,0.46,0.391,642,642,0.7331249999999999,39.0
642,Female,48,Affluent Customer,No,14,QLD,3,0.48,0.48,0.48,0.48,643,643,0.731,25.0
643,Male,82,Mass Customer,No,12,NSW,11,0.46,0.46,0.5750000000000001,0.48875,644,644,0.73046875,59.0
644,Female,51,Affluent Customer,No,18,VIC,8,0.42,0.42,0.42,0.42,644,644,0.73046875,45.0
645,Female,38,High Net Worth,Yes,14,NSW,8,0.86,1.075,1.075,1.075,646,646,0.73,81.0
646,Male,93,Affluent Customer,Yes,5,NSW,9,0.5,0.625,0.78125,0.78125,646,646,0.73,26.0
647,Male,24,Mass Customer,No,17,NSW,9,0.68,0.68,0.8500000000000001,0.7225,648,648,0.725,40.0
648,Female,18,Mass Customer,Yes,15,QLD,9,0.91,1.1375,1.421875,1.20859375,648,648,0.725,79.0
649,Male,58,High Net Worth,Yes,16,NSW,5,1.05,1.3125,1.3125,1.3125,648,648,0.725,63.0
650,Male,42,Mass Customer,No,5,NSW,8,0.7,0.7,0.7,0.595,651,651,0.7225,33.0
651,Male,29,Mass Customer,Yes,8,NSW,7,0.86,1.075,1.075,0.91375,651,651,0.7225,45.0
652,Female,98,Mass Customer,Yes,1,VIC,9,0.42,0.525,0.65625,0.5578124999999999,653,653,0.7187500000000001,24.0
653,Female,86,Mass Customer,Yes,17,VIC,5,0.98,1.225,1.53125,1.3015625,653,653,0.7187500000000001,63.0
654,Female,11,High Net Worth,Yes,15,VIC,12,0.98,1.225,1.53125,1.53125,655,655,0.7171875,70.0
655,Female,2,Mass Customer,Yes,19,NSW,12,0.9,1.125,1.40625,1.1953125,655,655,0.7171875,77.0
656,Female,6,High Net Worth,Yes,14,VIC,6,1.06,1.3250000000000002,1.3250000000000002,1.3250000000000002,657,657,0.714,36.0
657,Female,34,Affluent Customer,Yes,9,NSW,7,1.1,1.375,1.375,1.375,658,658,0.7124999999999999,79.0
658,Female,25,Affluent Customer,Yes,18,VIC,5,0.89,1.1125,1.1125,1.1125,658,658,0.7124999999999999,44.0
659,Male,12,Mass Customer,No,16,VIC,3,0.53,0.53,0.53,0.4505,658,658,0.7124999999999999,53.0
660,Male,73,High Net Worth,No,6,VIC,11,0.5,0.5,0.625,0.625,658,658,0.7124999999999999,30.0
661,Male,94,Affluent Customer,Yes,20,NSW,8,0.48,0.6,0.75,0.75,662,662,0.711875,62.0
662,Female,50,High Net Worth,Yes,16,VIC,8,0.94,1.1749999999999998,1.1749999999999998,1.1749999999999998,662,662,0.711875,41.0
663,Female,59,High Net Worth,No,17,NSW,11,0.67,0.67,0.8375,0.8375,662,662,0.711875,81.0
664,Male,43,High Net Worth,Yes,0,VIC,4,0.66,0.8250000000000001,0.8250000000000001,0.8250000000000001,662,662,0.711875,47.0
665,Male,13,Mass Customer,No,10,NSW,7,0.6,0.6,0.6,0.51,666,666,0.71,61.0
666,Female,41,Mass Customer,No,12,VIC,7,0.56,0.56,0.56,0.47600000000000003,666,666,0.71,61.0
667,Female,42,High Net Worth,No,19,VIC,7,0.51,0.51,0.51,0.51,668,668,0.7054999999999999,80.0
668,Male,52,High Net Worth,Yes,9,NSW,8,0.69,0.8624999999999999,0.8624999999999999,0.8624999999999999,668,668,0.7054999999999999,45.0
669,Female,50,Mass Customer,Yes,22,QLD,2,0.86,1.075,1.075,0.91375,668,668,0.7054999999999999,47.0
670,Male,3,High Net Worth,No,9,VIC,10,0.98,0.98,1.225,1.225,668,668,0.7054999999999999,62.0
671,Female,45,Affluent Customer,No,12,QLD,6,0.59,0.59,0.59,0.59,672,672,0.7039062500000001,65.0
672,Female,5,High Net Worth,No,11,NSW,11,0.68,0.68,0.8500000000000001,0.8500000000000001,672,672,0.7039062500000001,77.0
673,Male,20,Mass Customer,Yes,20,NSW,8,1.08,1.35,1.35,1.1475,674,674,0.703125,65.0
674,Female,23,Mass Customer,No,18,VIC,9,0.97,0.97,1.2125,1.030625,674,674,0.703125,81.0
675,Female,73,High Net Worth,No,12,NSW,9,0.54,0.54,0.675,0.675,676,676,0.70125,59.0
676,Female,8,Mass Customer,No,21,NSW,10,0.61,0.61,0.7625,0.648125,676,676,0.70125,69.0
677,Male,99,Mass Customer,No,15,NSW,8,0.56,0.56,0.7000000000000001,0.5950000000000001,676,676,0.70125,55.0
678,Female,36,Mass Customer,No,4,NSW,9,0.46,0.46,0.5750000000000001,0.48875,676,676,0.70125,25.0
679,Male,93,Mass Customer,Yes,7,NSW,12,0.46,0.5750000000000001,0.7187500000000001,0.6109375000000001,676,676,0.70125,51.0
680,Female,70,Affluent Customer,Yes,9,NSW,7,0.66,0.8250000000000001,0.8250000000000001,0.8250000000000001,676,676,0.70125,25.0
681,Male,17,Affluent Customer,No,12,QLD,9,0.48,0.48,0.6,0.6,682,682,0.7000000000000001,74.0
682,Female,25,Mass Customer,Yes,12,QLD,7,0.44,0.55,0.55,0.4675,682,682,0.7000000000000001,40.0
683,Female,98,Mass Customer,Yes,10,NSW,1,0.98,1.225,1.53125,1.3015625,684,684,0.7,43.0
684,Male,58,High Net Worth,No,7,VIC,2,0.68,0.68,0.68,0.68,684,684,0.7,44.0
685,Female,95,Mass Customer,Yes,3,NSW,6,0.69,0.8624999999999999,1.078125,0.91640625,684,684,0.7,41.0
686,Male,67,Mass Customer,Yes,2,QLD,8,0.47,0.5874999999999999,0.5874999999999999,0.4993749999999999,684,684,0.7,27.0
687,Male,22,Mass Customer,No,11,NSW,9,0.99,0.99,1.2375,1.0518750000000001,688,688,0.697,80.0
688,Female,92,High Net Worth,No,16,QLD,4,0.43,0.43,0.5375,0.5375,688,688,0.697,29.0
689,Male,69,High Net Worth,Yes,7,NSW,9,0.63,0.7875,0.984375,0.984375,688,688,0.697,83.0
690,Female,53,Affluent Customer,Yes,5,VIC,8,1.07,1.3375000000000001,1.3375000000000001,1.3375000000000001,691,691,0.6906249999999999,29.0
691,Male,42,Mass Customer,Yes,13,NSW,8,0.81,1.0125000000000002,1.0125000000000002,0.8606250000000001,691,691,0.6906249999999999,43.0
692,Male,70,Affluent Customer,No,18,NSW,9,0.81,0.81,1.0125000000000002,1.0125000000000002,691,691,0.6906249999999999,48.0
693,Male,96,Mass Customer,No,9,QLD,5,0.6,0.6,0.75,0.6375,691,691,0.6906249999999999,67.0
694,Male,68,High Net Worth,Yes,17,NSW,4,0.63,0.7875,0.7875,0.7875,691,691,0.6906249999999999,44.0
695,Male,91,Mass Customer,Yes,13,NSW,9,0.87,1.0875,1.359375,1.15546875,691,691,0.6906249999999999,30.0
696,Female,75,High Net Worth,No,18,QLD,3,0.79,0.79,0.79,0.79,691,691,0.6906249999999999,71.0
697,Male,31,Mass Customer,No,7,NSW,8,1.04,1.04,1.04,0.884,698,698,0.69,64.0
698,Female,12,High Net Worth,No,12,NSW,12,0.57,0.57,0.7124999999999999,0.7124999999999999,698,698,0.69,60.0
699,Female,8,High Net Worth,No,7,QLD,3,0.41,0.41,0.41,0.41,700,700,0.6875,47.0
700,Female,44,High Net Worth,Yes,7,NSW,8,0.48,0.6,0.6,0.6,700,700,0.6875,40.0
701,Female,39,High Net Worth,No,13,NSW,11,0.73,0.73,0.9125,0.9125,700,700,0.6875,47.0
702,Male,97,Mass Customer,No,6,NSW,8,0.62,0.62,0.775,0.65875,700,700,0.6875,56.0
703,Female,44,Mass Customer,No,13,QLD,9,0.87,0.87,1.0875,0.924375,700,700,0.6875,48.0
704,Female,37,Affluent Customer,Yes,19,VIC,7,0.6,0.75,0.75,0.75,700,700,0.6875,68.0
705,Female,99,High Net Worth,No,16,NSW,11,1.01,1.01,1.2625,1.2625,700,700,0.6875,70.0
706,Male,27,Mass Customer,No,11,VIC,8,0.79,0.79,0.79,0.6715,700,700,0.6875,46.0
707,Male,18,Mass Customer,Yes,8,NSW,5,0.76,0.95,0.95,0.8075,708,708,0.68,75.0
708,Female,64,Mass Customer,No,2,NSW,7,0.46,0.46,0.46,0.391,708,708,0.68,22.0
709,Male,57,Affluent Customer,Yes,14,NSW,8,0.53,0.6625000000000001,0.6625000000000001,0.6625000000000001,708,708,0.68,49.0
710,Female,85,Mass Customer,Yes,9,VIC,8,0.81,1.0125000000000002,1.2656250000000002,1.0757812500000001,708,708,0.68,38.0
711,Male,14,Mass Customer,Yes,6,QLD,9,0.93,1.1625,1.453125,1.23515625,708,708,0.68,38.0
712,Male,28,Affluent Customer,Yes,18,QLD,2,0.68,0.8500000000000001,0.8500000000000001,0.8500000000000001,708,708,0.68,50.0
713,Female,47,Mass Customer,No,17,QLD,3,0.64,0.64,0.64,0.544,708,708,0.68,46.0
714,Female,74,High Net Worth,No,12,NSW,11,0.92,0.92,1.1500000000000001,1.1500000000000001,715,715,0.67734375,71.0
715,Female,82,Mass Customer,Yes,10,NSW,2,0.76,0.95,1.1875,1.009375,715,715,0.67734375,58.0
716,Male,8,Affluent Customer,Yes,4,VIC,7,0.74,0.925,0.925,0.925,715,715,0.67734375,56.0
717,Female,26,Mass Customer,Yes,9,QLD,10,0.6,0.75,0.9375,0.796875,715,715,0.67734375,55.0
718,Female,15,Affluent Customer,Yes,9,VIC,9,0.74,0.925,1.15625,1.15625,719,719,0.675,22.0
719,Male,71,Mass Customer,Yes,7,NSW,9,0.54,0.675,0.84375,0.7171875,719,719,0.675,55.0
720,Male,12,Mass Customer,No,5,NSW,4,1.07,1.07,1.07,0.9095,719,719,0.675,43.0
721,Male,71,Mass Customer,Yes,5,NSW,8,0.98,1.225,1.225,1.04125,722,722,0.6715,49.0
722,Male,36,Mass Customer,No,17,VIC,6,0.59,0.59,0.59,0.5015,722,722,0.6715,56.0
723,Female,40,Affluent Customer,Yes,21,VIC,11,1.1,1.375,1.71875,1.71875,724,724,0.67,44.0
724,Female,54,Mass Customer,Yes,10,NSW,9,0.87,1.0875,1.359375,1.15546875,725,725,0.6693749999999999,52.0
725,Male,83,Mass Customer,No,16,VIC,9,0.94,0.94,1.1749999999999998,0.9987499999999998,725,725,0.6693749999999999,51.0
726,Male,37,High Net Worth,Yes,9,NSW,10,0.87,1.0875,1.359375,1.359375,725,725,0.6693749999999999,24.0
727,Male,75,Mass Customer,Yes,10,NSW,7,0.47,0.5874999999999999,0.5874999999999999,0.4993749999999999,725,725,0.6693749999999999,28.0
728,Male,28,Affluent Customer,Yes,12,NSW,11,1.07,1.3375000000000001,1.6718750000000002,1.6718750000000002,725,725,0.6693749999999999,65.0
729,Female,60,Affluent Customer,Yes,16,NSW,9,0.71,0.8875,1.109375,1.109375,725,725,0.6693749999999999,60.0
730,Male,87,Mass Customer,Yes,11,NSW,10,0.68,0.8500000000000001,1.0625,0.903125,731,731,0.6640625,24.0
731,Female,40,Mass Customer,Yes,5,QLD,5,0.61,0.7625,0.7625,0.648125,731,731,0.6640625,29.0
732,Female,94,Mass Customer,Yes,9,QLD,9,0.63,0.7875,0.984375,0.83671875,733,733,0.6625000000000001,76.0
733,Male,35,Mass Customer,No,15,QLD,2,0.77,0.77,0.77,0.6545,733,733,0.6625000000000001,30.0
734,Male,17,Mass Customer,Yes,5,NSW,9,0.82,1.025,1.28125,1.0890625,733,733,0.6625000000000001,40.0
735,Male,11,Mass Customer,Yes,9,QLD,7,0.46,0.5750000000000001,0.5750000000000001,0.48875,733,733,0.6625000000000001,31.0
736,Female,68,Mass Customer,Yes,6,QLD,7,0.59,0.7374999999999999,0.7374999999999999,0.626875,733,733,0.6625000000000001,55.0
737,Male,52,High Net Worth,Yes,17,QLD,7,0.86,1.075,1.075,1.075,733,733,0.6625000000000001,58.0
738,Male,48,High Net Worth,No,16,NSW,9,1.06,1.06,1.3250000000000002,1.3250000000000002,739,739,0.66,46.0
739,Female,42,Affluent Customer,Yes,19,QLD,1,1.02,1.275,1.275,1.275,739,739,0.66,74.0
740,Female,49,High Net Worth,No,9,QLD,5,0.6,0.6,0.6,0.6,741,741,0.65875,82.0
741,Male,68,Mass Customer,Yes,11,NSW,9,0.48,0.6,0.75,0.6375,741,741,0.65875,47.0
742,Male,97,Mass Customer,Yes,10,VIC,6,0.85,1.0625,1.328125,1.12890625,741,741,0.65875,20.0
743,Female,70,Affluent Customer,Yes,17,QLD,9,1.09,1.3625,1.703125,1.703125,744,744,0.65625,73.0
744,Male,87,Mass Customer,No,11,NSW,2,0.47,0.47,0.5874999999999999,0.4993749999999999,744,744,0.65625,23.0
745,Male,43,Affluent Customer,No,8,NSW,10,0.83,0.83,1.0374999999999999,1.0374999999999999,744,744,0.65625,45.0
746,Female,86,Mass Customer,No,7,QLD,3,0.51,0.51,0.6375,0.541875,747,747,0.6545,41.0
747,Female,25,Mass Customer,Yes,5,QLD,7,0.96,1.2,1.2,1.02,748,748,0.65078125,59.0
748,Male,99,Mass Customer,Yes,21,QLD,9,1.04,1.3,1.625,1.3812499999999999,748,748,0.65078125,46.0
749,Female,7,Affluent Customer,No,11,NSW,12,0.4,0.4,0.5,0.5,750,750,0.65,50.0
750,Male,33,Mass Customer,Yes,20,VIC,2,1.03,1.2875,1.2875,1.094375,751,751,0.648125,71.0
751,Male,20,High Net Worth,Yes,14,VIC,7,0.63,0.7875,0.7875,0.7875,751,751,0.648125,47.0
752,Female,45,Mass Customer,Yes,15,VIC,9,1.09,1.3625,1.703125,1.4476562499999999,751,751,0.648125,61.0
753,Male,35,Mass Customer,No,16,NSW,8,0.49,0.49,0.49,0.4165,754,754,0.646,56.0
754,Female,87,Mass Customer,No,12,VIC,7,1.06,1.06,1.3250000000000002,1.1262500000000002,755,755,0.64,47.0
755,Male,80,Affluent Customer,No,10,QLD,5,0.83,0.83,0.83,0.83,755,755,0.64,52.0
756,Male,22,Affluent Customer,Yes,6,VIC,6,0.75,0.9375,0.9375,0.9375,755,755,0.64,25.0
757,Female,32,Mass Customer,Yes,6,NSW,11,0.93,1.1625,1.453125,1.23515625,755,755,0.64,48.0
758,Male,69,High Net Worth,No,17,NSW,7,0.46,0.46,0.46,0.46,755,755,0.64,39.0
759,Female,79,High Net Worth,No,17,NSW,4,0.46,0.46,0.46,0.46,760,760,0.6375,43.0
760,Male,51,Affluent Customer,No,21,QLD,3,0.9,0.9,0.9,0.9,760,760,0.6375,48.0
761,Male,5,Mass Customer,No,7,QLD,7,1.05,1.05,1.05,0.8925,760,760,0.6375,34.0
762,Male,6,Affluent Customer,No,16,QLD,1,0.53,0.53,0.53,0.53,760,760,0.6375,71.0
763,Male,52,Affluent Customer,No,8,NSW,12,0.44,0.44,0.55,0.55,760,760,0.6375,19.0
764,Male,93,Affluent Customer,Yes,15,VIC,9,0.4,0.5,0.625,0.625,760,760,0.6375,38.0
765,Male,37,High Net Worth,Yes,11,QLD,7,0.5,0.625,0.625,0.625,760,760,0.6375,61.0
766,Male,89,Affluent Customer,No,8,NSW,4,0.5,0.5,0.625,0.625,760,760,0.6375,22.0
767,Female,4,Affluent Customer,Yes,6,NSW,8,0.46,0.5750000000000001,0.5750000000000001,0.5750000000000001,760,760,0.6375,31.0
768,Female,11,Mass Customer,Yes,9,NSW,10,0.66,0.8250000000000001,1.03125,0.8765625,760,760,0.6375,56.0
769,Female,86,High Net Worth,Yes,13,QLD,6,0.54,0.675,0.84375,0.84375,760,760,0.6375,83.0
770,Female,86,Mass Customer,No,22,VIC,8,0.6,0.6,0.75,0.6375,760,760,0.6375,74.0
771,Female,23,Affluent Customer,No,4,NSW,3,0.46,0.46,0.46,0.46,760,760,0.6375,37.0
772,Male,47,High Net Worth,Yes,9,NSW,8,0.67,0.8375,0.8375,0.8375,773,773,0.63,68.0
773,Female,11,Mass Customer,Yes,4,VIC,9,0.8,1.0,1.25,1.0625,774,774,0.626875,32.0
774,Male,46,High Net Worth,No,10,NSW,10,0.63,0.63,0.7875,0.7875,774,774,0.626875,28.0
775,Male,62,Affluent Customer,No,5,VIC,1,1.0,1.0,1.0,1.0,774,774,0.626875,47.0
776,Female,73,Mass Customer,Yes,14,VIC,9,0.79,0.9875,1.234375,1.0492187499999999,774,774,0.626875,33.0
777,Female,38,Affluent Customer,No,18,NSW,10,0.92,0.92,1.1500000000000001,1.1500000000000001,778,778,0.625,55.0
778,Male,40,Mass Customer,Yes,6,NSW,8,0.93,1.1625,1.1625,0.988125,778,778,0.625,49.0
779,Female,46,Mass Customer,Yes,6,VIC,12,0.6,0.75,0.9375,0.796875,780,780,0.6242187499999999,25.0
780,Female,30,Mass Customer,No,10,NSW,10,0.94,0.94,1.1749999999999998,0.9987499999999998,780,780,0.6242187499999999,40.0
781,Female,35,Affluent Customer,Yes,10,QLD,5,0.75,0.9375,0.9375,0.9375,782,782,0.6204999999999999,57.0
782,Male,55,High Net Worth,No,8,VIC,10,0.65,0.65,0.8125,0.8125,782,782,0.6204999999999999,66.0
783,Male,98,Mass Customer,No,12,NSW,9,0.99,0.99,1.2375,1.0518750000000001,782,782,0.6204999999999999,29.0
784,Male,66,Affluent Customer,No,9,NSW,10,0.95,0.95,1.1875,1.1875,785,785,0.62,27.0
785,Male,89,High Net Worth,No,6,NSW,10,0.97,0.97,1.2125,1.2125,786,786,0.61625,65.0
786,Female,48,High Net Worth,Yes,11,VIC,12,0.47,0.5874999999999999,0.7343749999999999,0.7343749999999999,786,786,0.61625,64.0
787,Male,1,High Net Worth,No,7,NSW,10,0.7,0.7,0.875,0.875,788,788,0.6125,39.0
788,Female,49,Affluent Customer,No,9,QLD,2,1.01,1.01,1.01,1.01,788,788,0.6125,41.0
789,Female,32,Mass Customer,Yes,9,NSW,10,0.87,1.0875,1.359375,1.15546875,788,788,0.6125,29.0
790,Female,93,Affluent Customer,Yes,11,NSW,6,1.09,1.3625,1.703125,1.703125,791,791,0.612,47.0
791,Male,4,Mass Customer,No,7,VIC,10,0.91,0.91,1.1375,0.9668749999999999,791,791,0.612,48.0
792,Female,79,High Net Worth,No,18,NSW,6,0.66,0.66,0.66,0.66,793,793,0.6109375000000001,67.0
793,Male,21,Mass Customer,No,9,NSW,12,0.91,0.91,1.1375,0.9668749999999999,794,794,0.6056249999999999,66.0
794,Female,61,Affluent Customer,No,13,NSW,9,0.74,0.74,0.925,0.925,795,795,0.6034999999999999,70.0
795,Male,1,Mass Customer,No,10,QLD,2,0.77,0.77,0.77,0.6545,795,795,0.6034999999999999,52.0
796,Female,47,Mass Customer,Yes,13,VIC,12,0.99,1.2375,1.546875,1.3148437499999999,797,797,0.6,55.0
797,Male,7,Mass Customer,No,12,NSW,9,0.48,0.48,0.6,0.51,797,797,0.6,83.0
798,Female,0,Affluent Customer,No,13,NSW,9,0.76,0.76,0.95,0.95,797,797,0.6,40.0
799,Male,77,Affluent Customer,No,22,NSW,10,0.79,0.79,0.9875,0.9875,797,797,0.6,72.0
800,Female,64,High Net Worth,No,17,NSW,8,0.87,0.87,0.87,0.87,801,801,0.59765625,39.0
801,Female,25,Mass Customer,Yes,14,NSW,11,1.02,1.275,1.59375,1.3546875,801,801,0.59765625,47.0
802,Female,77,Mass Customer,No,11,NSW,10,0.97,0.97,1.2125,1.030625,801,801,0.59765625,41.0
803,Male,79,Mass Customer,No,21,QLD,5,0.86,0.86,0.86,0.731,804,804,0.5950000000000001,70.0
804,Male,71,Mass Customer,Yes,11,NSW,8,0.95,1.1875,1.1875,1.009375,804,804,0.5950000000000001,74.0
805,Female,12,High Net Worth,No,20,VIC,7,0.4,0.4,0.4,0.4,804,804,0.5950000000000001,69.0
806,Male,83,Affluent Customer,No,16,QLD,9,0.43,0.43,0.5375,0.5375,804,804,0.5950000000000001,57.0
807,Male,67,High Net Worth,No,21,NSW,11,0.86,0.86,1.075,1.075,808,808,0.595,81.0
808,Male,94,Mass Customer,No,8,NSW,7,0.49,0.49,0.6125,0.520625,808,808,0.595,36.0
809,Female,46,Affluent Customer,No,15,VIC,6,0.41,0.41,0.41,0.41,810,810,0.5874999999999999,60.0
810,Female,94,Affluent Customer,Yes,9,NSW,10,1.02,1.275,1.59375,1.59375,810,810,0.5874999999999999,53.0
811,Male,69,Mass Customer,No,20,QLD,1,0.97,0.97,0.97,0.8245,810,810,0.5874999999999999,76.0
812,Female,39,Affluent Customer,Yes,9,NSW,7,0.59,0.7374999999999999,0.7374999999999999,0.7374999999999999,810,810,0.5874999999999999,43.0
813,Male,72,High Net Worth,Yes,15,VIC,4,0.74,0.925,0.925,0.925,810,810,0.5874999999999999,30.0
814,Female,61,High Net Worth,No,22,QLD,5,0.44,0.44,0.44,0.44,810,810,0.5874999999999999,69.0
815,Male,34,Affluent Customer,No,3,NSW,7,0.9,0.9,0.9,0.9,810,810,0.5874999999999999,21.0
816,Male,38,Mass Customer,No,5,QLD,8,0.66,0.66,0.66,0.561,817,817,0.5864999999999999,61.0
817,Male,42,Mass Customer,Yes,17,NSW,10,0.48,0.6,0.75,0.6375,817,817,0.5864999999999999,81.0
818,Male,1,Affluent Customer,No,17,VIC,10,1.03,1.03,1.2875,1.2875,817,817,0.5864999999999999,56.0
819,Male,65,Affluent Customer,No,14,VIC,8,0.91,0.91,0.91,0.91,820,820,0.584375,33.0
820,Male,96,High Net Worth,No,12,VIC,8,0.85,0.85,1.0625,1.0625,820,820,0.584375,33.0
821,Male,70,Affluent Customer,No,17,VIC,8,0.97,0.97,0.97,0.97,820,820,0.584375,43.0
822,Male,46,Mass Customer,Yes,14,NSW,8,0.79,0.9875,0.9875,0.839375,820,820,0.584375,55.0
823,Male,36,Mass Customer,No,16,QLD,7,0.68,0.68,0.68,0.5780000000000001,820,820,0.584375,44.0
824,Female,11,Mass Customer,Yes,7,NSW,8,0.68,0.8500000000000001,0.8500000000000001,0.7225,820,820,0.584375,48.0
825,Female,43,Mass Customer,No,9,VIC,6,0.86,0.86,0.86,0.731,820,820,0.584375,50.0
826,Male,21,Mass Customer,No,4,NSW,9,0.7,0.7,0.875,0.74375,820,820,0.584375,26.0
827,Female,49,High Net Worth,No,9,QLD,8,0.96,0.96,0.96,0.96,828,828,0.58,21.0
828,Female,60,High Net Worth,Yes,15,NSW,7,0.75,0.9375,0.9375,0.9375,828,828,0.58,58.0
829,Female,67,Mass Customer,Yes,5,NSW,12,0.91,1.1375,1.421875,1.20859375,830,830,0.5780000000000001,29.0
830,Female,24,Affluent Customer,No,12,VIC,4,0.72,0.72,0.72,0.72,830,830,0.5780000000000001,59.0
831,Female,29,High Net Worth,Yes,4,NSW,11,0.58,0.725,0.90625,0.90625,832,832,0.5750000000000001,48.0
832,Female,66,Mass Customer,Yes,10,NSW,10,0.75,0.9375,1.171875,0.99609375,832,832,0.5750000000000001,54.0
833,Male,56,High Net Worth,No,11,VIC,5,0.48,0.48,0.48,0.48,832,832,0.5750000000000001,59.0
834,Male,79,Mass Customer,No,15,QLD,7,0.4,0.4,0.4,0.34,832,832,0.5750000000000001,58.0
835,Male,88,Mass Customer,No,13,NSW,11,0.64,0.64,0.8,0.68,832,832,0.5750000000000001,47.0
836,Male,79,Affluent Customer,Yes,7,QLD,8,0.84,1.05,1.05,1.05,832,832,0.5750000000000001,42.0
837,Male,7,Mass Customer,Yes,13,VIC,10,1.04,1.3,1.625,1.3812499999999999,838,838,0.57375,70.0
838,Male,66,Mass Customer,No,7,NSW,8,0.84,0.84,0.84,0.714,838,838,0.57375,27.0
839,Male,94,Mass Customer,No,11,NSW,8,0.55,0.55,0.6875,0.584375,840,840,0.57109375,82.0
840,Male,74,Mass Customer,Yes,19,NSW,8,0.94,1.1749999999999998,1.1749999999999998,0.9987499999999998,840,840,0.57109375,73.0
841,Male,47,Affluent Customer,No,11,NSW,12,1.01,1.01,1.2625,1.2625,842,842,0.57,42.0
842,Female,79,High Net Worth,Yes,6,NSW,7,1.05,1.3125,1.3125,1.3125,843,843,0.5695,63.0
843,Female,25,Mass Customer,No,12,NSW,9,1.04,1.04,1.3,1.105,843,843,0.5695,20.0
844,Female,21,Mass Customer,No,7,QLD,4,0.52,0.52,0.52,0.442,845,845,0.5631250000000001,48.0
845,Male,22,Mass Customer,No,3,NSW,5,1.06,1.06,1.06,0.901,845,845,0.5631250000000001,27.0
846,Female,60,Mass Customer,Yes,3,QLD,8,0.75,0.9375,0.9375,0.796875,845,845,0.5631250000000001,26.0
847,Male,42,Mass Customer,Yes,5,VIC,8,0.93,1.1625,1.1625,0.988125,845,845,0.5631250000000001,39.0
848,Female,62,High Net Worth,Yes,10,NSW,7,0.44,0.55,0.55,0.55,845,845,0.5631250000000001,24.0
849,Male,66,High Net Worth,No,12,QLD,4,1.1,1.1,1.1,1.1,845,845,0.5631250000000001,64.0
850,Female,46,High Net Worth,No,12,VIC,2,0.69,0.69,0.69,0.69,851,851,0.5625,62.0
851,Female,63,Mass Customer,No,17,NSW,9,0.98,0.98,1.225,1.04125,851,851,0.5625,65.0
852,Male,62,Mass Customer,Yes,1,NSW,8,0.88,1.1,1.1,0.935,851,851,0.5625,23.0
853,Female,29,Affluent Customer,Yes,9,VIC,10,0.64,0.8,1.0,1.0,854,854,0.561,79.0
854,Female,45,High Net Worth,Yes,5,NSW,10,0.58,0.725,0.90625,0.90625,854,854,0.561,41.0
855,Male,24,Affluent Customer,Yes,18,VIC,7,0.79,0.9875,0.9875,0.9875,856,856,0.56,43.0
856,Male,32,Affluent Customer,Yes,11,QLD,2,0.92,1.1500000000000001,1.1500000000000001,1.1500000000000001,856,856,0.56,68.0
857,Female,67,Affluent Customer,Yes,22,NSW,9,0.62,0.775,0.96875,0.96875,856,856,0.56,82.0
858,Male,88,Affluent Customer,Yes,12,NSW,10,0.99,1.2375,1.546875,1.546875,859,859,0.5578124999999999,62.0
859,Female,47,High Net Worth,No,15,QLD,6,0.55,0.55,0.55,0.55,859,859,0.5578124999999999,63.0
860,Male,37,High Net Worth,Yes,8,VIC,6,1.08,1.35,1.35,1.35,859,859,0.5578124999999999,42.0
861,Male,42,Affluent Customer,No,3,VIC,7,0.43,0.43,0.43,0.43,862,862,0.5525,41.0
862,Male,54,Affluent Customer,No,10,NSW,7,0.7,0.7,0.7,0.7,862,862,0.5525,68.0
863,Female,2,Affluent Customer,Yes,7,NSW,9,0.64,0.8,1.0,1.0,862,862,0.5525,21.0
864,Female,32,Mass Customer,No,4,VIC,8,1.0,1.0,1.0,0.85,865,865,0.55,31.0
865,Male,57,High Net Worth,Yes,21,VIC,2,0.53,0.6625000000000001,0.6625000000000001,0.6625000000000001,865,865,0.55,74.0
866,Female,99,High Net Worth,No,14,QLD,10,0.93,0.93,1.1625,1.1625,865,865,0.55,57.0
867,Male,11,High Net Worth,Yes,12,NSW,11,0.84,1.05,1.3125,1.3125,865,865,0.55,60.0
868,Female,87,Mass Customer,No,8,VIC,9,0.98,0.98,1.225,1.04125,865,865,0.55,63.0
869,Male,95,Mass Customer,Yes,12,NSW,11,0.41,0.5125,0.640625,0.54453125,870,870,0.544,47.0
870,Female,47,Mass Customer,No,4,NSW,12,0.53,0.53,0.6625000000000001,0.5631250000000001,871,871,0.541875,54.0
871,Female,76,High Net Worth,Yes,7,NSW,3,0.43,0.5375,0.5375,0.5375,871,871,0.541875,60.0
872,Female,37,High Net Worth,No,8,NSW,6,1.05,1.05,1.05,1.05,871,871,0.541875,68.0
873,Female,50,Mass Customer,Yes,21,VIC,10,0.55,0.6875,0.859375,0.73046875,871,871,0.541875,47.0
874,Male,88,Affluent Customer,No,11,VIC,7,0.43,0.43,0.5375,0.5375,871,871,0.541875,47.0
875,Male,58,Affluent Customer,Yes,1,VIC,8,0.5,0.625,0.625,0.625,871,871,0.541875,26.0
876,Female,57,Mass Customer,No,19,NSW,11,0.82,0.82,1.025,0.8712499999999999,877,877,0.54,65.0
877,Male,43,Affluent Customer,Yes,13,QLD,9,0.47,0.5874999999999999,0.7343749999999999,0.7343749999999999,877,877,0.54,73.0
878,Female,30,High Net Worth,Yes,13,NSW,10,0.81,1.0125000000000002,1.2656250000000002,1.2656250000000002,879,879,0.5375,27.0
879,Male,44,Affluent Customer,No,19,NSW,4,0.8,0.8,0.8,0.8,879,879,0.5375,55.0
880,Male,67,High Net Worth,No,7,QLD,9,0.74,0.74,0.925,0.925,879,879,0.5375,80.0
881,Male,63,Mass Customer,Yes,9,QLD,6,1.08,1.35,1.35,1.1475,882,882,0.5355,48.0
882,Female,22,Affluent Customer,Yes,13,VIC,3,1.01,1.2625,1.2625,1.2625,883,883,0.53125,24.0
883,Male,24,Affluent Customer,No,2,NSW,10,0.64,0.64,0.8,0.8,883,883,0.53125,47.0
884,Male,48,Mass Customer,No,14,VIC,7,0.86,0.86,0.86,0.731,883,883,0.53125,57.0
885,Male,40,Affluent Customer,Yes,20,NSW,7,0.42,0.525,0.525,0.525,883,883,0.53125,83.0
886,Male,52,Mass Customer,No,11,NSW,9,1.07,1.07,1.3375000000000001,1.136875,883,883,0.53125,27.0
887,Female,27,Affluent Customer,Yes,5,NSW,9,0.93,1.1625,1.453125,1.453125,888,888,0.525,64.0
888,Female,72,Affluent Customer,No,5,VIC,9,0.89,0.89,1.1125,1.1125,888,888,0.525,41.0
889,Male,64,Affluent Customer,No,16,NSW,6,0.67,0.67,0.67,0.67,888,888,0.525,50.0
890,Male,57,Mass Customer,Yes,9,VIC,1,0.44,0.55,0.55,0.4675,888,888,0.525,65.0
891,Male,51,Mass Customer,Yes,6,NSW,12,0.56,0.7000000000000001,0.8750000000000001,0.74375,888,888,0.525,49.0
892,Female,11,High Net Worth,Yes,15,NSW,3,0.56,0.7000000000000001,0.7000000000000001,0.7000000000000001,893,893,0.520625,22.0
893,Male,31,High Net Worth,No,5,NSW,9,0.5,0.5,0.625,0.625,893,893,0.520625,37.0
894,Female,54,Mass Customer,Yes,6,QLD,4,0.8,1.0,1.0,0.85,893,893,0.520625,21.0
895,Male,5,Mass Customer,No,18,VIC,8,0.49,0.49,0.49,0.4165,896,896,0.52,60.0
896,Male,46,Affluent Customer,Yes,7,QLD,5,0.41,0.5125,0.5125,0.5125,896,896,0.52,80.0
897,Male,47,Mass Customer,No,10,NSW,9,0.84,0.84,1.05,0.8925,898,898,0.5125,62.0
898,Female,38,Affluent Customer,No,11,NSW,10,0.9,0.9,1.125,1.125,899,899,0.51,69.0
899,Male,5,High Net Worth,No,19,NSW,9,0.7,0.7,0.875,0.875,899,899,0.51,53.0
900,Male,1,Mass Customer,No,13,VIC,7,0.48,0.48,0.48,0.408,899,899,0.51,51.0
901,Female,53,Mass Customer,No,8,NSW,10,0.99,0.99,1.2375,1.0518750000000001,899,899,0.51,57.0
902,Male,48,Mass Customer,No,9,VIC,6,0.8,0.8,0.8,0.68,903,903,0.5015,25.0
903,Female,84,Affluent Customer,Yes,5,NSW,8,0.67,0.8375,1.046875,1.046875,904,904,0.5,48.0
904,Male,0,Mass Customer,No,2,NSW,6,0.53,0.53,0.53,0.4505,904,904,0.5,47.0
905,Female,77,Mass Customer,No,8,NSW,7,1.1,1.1,1.1,0.935,904,904,0.5,48.0
906,Male,27,Affluent Customer,No,17,QLD,5,0.58,0.58,0.58,0.58,904,904,0.5,54.0
907,Female,57,Mass Customer,No,12,VIC,7,1.05,1.05,1.05,0.8925,904,904,0.5,58.0
908,Male,10,Affluent Customer,No,16,NSW,9,0.66,0.66,0.8250000000000001,0.8250000000000001,904,904,0.5,21.0
909,Female,65,Mass Customer,Yes,8,NSW,5,0.82,1.025,1.025,0.8712499999999999,904,904,0.5,64.0
910,Female,49,Mass Customer,No,18,NSW,10,0.6,0.6,0.75,0.6375,904,904,0.5,46.0
911,Female,7,Affluent Customer,No,17,VIC,8,0.77,0.77,0.77,0.77,904,904,0.5,30.0
912,Male,39,Affluent Customer,Yes,6,QLD,5,0.81,1.0125000000000002,1.0125000000000002,1.0125000000000002,913,913,0.4993749999999999,61.0
913,Female,16,High Net Worth,Yes,10,VIC,9,1.02,1.275,1.59375,1.59375,913,913,0.4993749999999999,60.0
914,Male,86,Mass Customer,No,21,NSW,9,1.09,1.09,1.3625,1.158125,913,913,0.4993749999999999,82.0
915,Female,58,High Net Worth,No,9,NSW,10,0.89,0.89,1.1125,1.1125,913,913,0.4993749999999999,34.0
916,Female,14,High Net Worth,Yes,13,QLD,2,0.69,0.8624999999999999,0.8624999999999999,0.8624999999999999,913,913,0.4993749999999999,42.0
917,Female,64,High Net Worth,No,16,VIC,8,0.86,0.86,0.86,0.86,913,913,0.4993749999999999,37.0
918,Female,71,High Net Worth,No,3,QLD,9,0.41,0.41,0.5125,0.5125,913,913,0.4993749999999999,33.0
919,Male,78,High Net Worth,No,17,NSW,2,1.01,1.01,1.01,1.01,920,920,0.4929999999999999,71.0
920,Female,45,High Net Worth,Yes,14,NSW,6,0.8,1.0,1.0,1.0,921,921,0.49,63.0
921,Female,59,Mass Customer,No,16,NSW,9,0.73,0.73,0.9125,0.775625,921,921,0.49,31.0
922,Male,51,Mass Customer,Yes,3,NSW,10,0.65,0.8125,1.015625,0.86328125,921,921,0.49,40.0
923,Female,22,High Net Worth,No,17,NSW,10,0.51,0.51,0.6375,0.6375,924,924,0.48875,38.0
924,Female,2,Mass Customer,Yes,15,NSW,10,0.59,0.7374999999999999,0.9218749999999999,0.7835937499999999,924,924,0.48875,48.0
925,Female,47,Mass Customer,Yes,5,VIC,4,1.04,1.3,1.3,1.105,926,926,0.4844999999999999,62.0
926,Female,61,Mass Customer,No,20,QLD,9,0.83,0.83,1.0374999999999999,0.8818749999999999,926,926,0.4844999999999999,64.0
927,Male,75,High Net Worth,No,3,QLD,4,0.4,0.4,0.4,0.4,928,928,0.48,23.0
928,Female,84,High Net Worth,Yes,13,NSW,7,0.56,0.7000000000000001,0.8750000000000001,0.8750000000000001,928,928,0.48,43.0
929,Female,67,Affluent Customer,Yes,13,VIC,9,0.4,0.5,0.625,0.625,930,930,0.478125,28.0
930,Male,65,Mass Customer,Yes,21,VIC,5,0.53,0.6625000000000001,0.6625000000000001,0.5631250000000001,930,930,0.478125,70.0
931,Female,98,Affluent Customer,No,8,NSW,10,0.86,0.86,1.075,1.075,930,930,0.478125,45.0
932,Female,30,Mass Customer,Yes,12,NSW,10,0.5,0.625,0.78125,0.6640625,930,930,0.478125,34.0
933,Male,18,Mass Customer,No,14,VIC,4,0.48,0.48,0.48,0.408,930,930,0.478125,46.0
934,Female,5,Mass Customer,No,6,VIC,4,0.77,0.77,0.77,0.6545,930,930,0.478125,61.0
935,Female,79,Mass Customer,Yes,17,VIC,6,0.8,1.0,1.0,0.85,936,936,0.476,58.0
936,Male,16,High Net Worth,Yes,8,VIC,8,1.05,1.3125,1.3125,1.3125,937,937,0.47,57.0
937,Female,41,High Net Worth,Yes,11,NSW,3,0.49,0.6125,0.6125,0.6125,937,937,0.47,76.0
938,Female,77,Mass Customer,No,17,QLD,4,0.95,0.95,0.95,0.8075,939,939,0.4675,81.0
939,Male,98,High Net Worth,No,20,NSW,9,0.55,0.55,0.6875,0.6875,939,939,0.4675,75.0
940,Female,61,Mass Customer,Yes,21,VIC,8,0.53,0.6625000000000001,0.6625000000000001,0.5631250000000001,939,939,0.4675,47.0
941,Female,5,Mass Customer,Yes,7,QLD,7,0.41,0.5125,0.5125,0.43562499999999993,939,939,0.4675,67.0
942,Female,63,Affluent Customer,Yes,8,NSW,3,0.58,0.725,0.725,0.725,939,939,0.4675,50.0
943,Male,90,Mass Customer,No,8,VIC,10,1.01,1.01,1.2625,1.0731249999999999,944,944,0.46,47.0
944,Male,91,Mass Customer,No,5,NSW,9,0.44,0.44,0.55,0.4675,944,944,0.46,29.0
945,Female,63,High Net Worth,No,8,NSW,7,0.61,0.61,0.61,0.61,944,944,0.46,80.0
946,Female,44,High Net Worth,Yes,4,NSW,9,0.48,0.6,0.75,0.75,947,947,0.459,33.0
947,Female,35,Mass Customer,No,17,VIC,4,0.75,0.75,0.75,0.6375,948,948,0.456875,29.0
948,Male,13,High Net Worth,Yes,11,NSW,11,1.06,1.3250000000000002,1.6562500000000002,1.6562500000000002,948,948,0.456875,27.0
949,Male,23,High Net Worth,No,2,VIC,8,1.05,1.05,1.05,1.05,948,948,0.456875,38.0
950,Female,26,Mass Customer,No,3,VIC,7,0.7,0.7,0.7,0.595,951,951,0.4505,45.0
951,Male,67,Mass Customer,Yes,6,QLD,7,0.57,0.7124999999999999,0.7124999999999999,0.6056249999999999,951,951,0.4505,55.0
952,Female,23,Mass Customer,No,6,VIC,3,1.06,1.06,1.06,0.901,951,951,0.4505,44.0
953,Female,74,Mass Customer,Yes,15,NSW,11,0.94,1.1749999999999998,1.4687499999999998,1.2484374999999999,954,954,0.45,59.0
954,Female,14,High Net Worth,No,13,NSW,12,0.84,0.84,1.05,1.05,954,954,0.45,27.0
955,Male,12,Mass Customer,Yes,6,VIC,7,0.57,0.7124999999999999,0.7124999999999999,0.6056249999999999,956,956,0.44625,52.0
956,Female,59,Mass Customer,Yes,15,NSW,11,0.82,1.025,1.28125,1.0890625,956,956,0.44625,26.0
957,Female,83,Mass Customer,Yes,9,QLD,9,0.54,0.675,0.84375,0.7171875,956,956,0.44625,57.0
958,Female,78,Mass Customer,No,7,VIC,8,0.79,0.79,0.79,0.6715,956,956,0.44625,23.0
959,Female,62,Mass Customer,No,4,VIC,4,0.75,0.75,0.75,0.6375,960,960,0.442,54.0
960,Female,0,Mass Customer,No,10,NSW,9,0.63,0.63,0.7875,0.6693749999999999,960,960,0.442,46.0
961,Male,15,Mass Customer,No,11,VIC,3,0.96,0.96,0.96,0.816,960,960,0.442,34.0
962,Male,82,Affluent Customer,Yes,7,NSW,10,0.94,1.1749999999999998,1.4687499999999998,1.4687499999999998,963,963,0.44,52.0
963,Female,25,Mass Customer,Yes,13,QLD,6,0.89,1.1125,1.1125,0.945625,963,963,0.44,41.0
964,Female,42,Mass Customer,Yes,15,NSW,10,0.77,0.9625,1.203125,1.02265625,963,963,0.44,46.0
965,Male,33,Affluent Customer,No,1,NSW,8,0.97,0.97,0.97,0.97,963,963,0.44,27.0
966,Female,6,Mass Customer,No,18,QLD,6,0.47,0.47,0.47,0.39949999999999997,967,967,0.4356249999999999,58.0
967,Female,74,High Net Worth,No,14,NSW,12,0.46,0.46,0.5750000000000001,0.5750000000000001,967,967,0.4356249999999999,61.0
968,Male,60,High Net Worth,Yes,15,NSW,1,0.86,1.075,1.075,1.075,967,967,0.4356249999999999,35.0
969,Male,3,High Net Worth,Yes,15,NSW,8,0.86,1.075,1.075,1.075,967,967,0.4356249999999999,70.0
970,Female,30,Affluent Customer,Yes,4,NSW,9,0.42,0.525,0.65625,0.65625,967,967,0.4356249999999999,54.0
971,Female,43,Affluent Customer,No,10,VIC,6,1.02,1.02,1.02,1.02,972,972,0.43,22.0
972,Male,82,Mass Customer,Yes,11,NSW,10,0.59,0.7374999999999999,0.9218749999999999,0.7835937499999999,972,972,0.43,23.0
973,Female,37,Mass Customer,Yes,13,QLD,5,1.02,1.275,1.275,1.08375,974,974,0.425,55.0
974,Female,77,Affluent Customer,Yes,10,VIC,12,1.04,1.3,1.625,1.625,974,974,0.425,20.0
975,Male,63,Affluent Customer,Yes,17,VIC,6,1.04,1.3,1.3,1.3,974,974,0.425,53.0
976,Male,15,Mass Customer,Yes,5,VIC,9,0.41,0.5125,0.640625,0.54453125,977,977,0.42,54.0
977,Female,56,Mass Customer,No,9,NSW,10,0.5,0.5,0.625,0.53125,977,977,0.42,83.0
978,Male,77,Mass Customer,Yes,13,VIC,5,0.59,0.7374999999999999,0.7374999999999999,0.626875,979,979,0.4165,44.0
979,Male,93,Mass Customer,Yes,9,NSW,12,0.69,0.8624999999999999,1.078125,0.91640625,979,979,0.4165,35.0
980,Female,71,Mass Customer,Yes,3,NSW,8,0.71,0.8875,0.8875,0.7543749999999999,979,979,0.4165,29.0
981,Female,83,Affluent Customer,Yes,22,QLD,1,0.8,1.0,1.25,1.25,979,979,0.4165,70.0
982,Male,45,Mass Customer,No,8,NSW,5,1.03,1.03,1.03,0.8755,983,983,0.41,65.0
983,Female,5,Mass Customer,No,21,NSW,11,0.85,0.85,1.0625,0.903125,983,983,0.41,70.0
984,Male,82,Affluent Customer,Yes,0,NSW,10,0.88,1.1,1.375,1.375,985,985,0.408,47.0
985,Female,83,Mass Customer,No,15,VIC,4,0.82,0.82,1.025,0.8712499999999999,985,985,0.408,34.0
986,Male,41,Mass Customer,Yes,7,NSW,8,0.57,0.7124999999999999,0.7124999999999999,0.6056249999999999,987,987,0.4,62.0
987,Female,44,Mass Customer,No,15,NSW,7,0.69,0.69,0.69,0.5864999999999999,988,988,0.3995,24.0
988,Female,64,Mass Customer,Yes,11,NSW,7,0.87,1.0875,1.0875,0.924375,988,988,0.3995,78.0
989,Female,83,High Net Worth,Yes,11,NSW,8,0.85,1.0625,1.328125,1.328125,988,988,0.3995,76.0
990,Female,60,Mass Customer,Yes,9,QLD,6,0.78,0.9750000000000001,0.9750000000000001,0.8287500000000001,988,988,0.3995,67.0
991,Male,59,Mass Customer,Yes,15,VIC,3,0.94,1.1749999999999998,1.1749999999999998,0.9987499999999998,988,988,0.3995,47.0
992,Female,32,Mass Customer,Yes,8,QLD,3,1.03,1.2875,1.2875,1.094375,993,993,0.391,48.0
993,Male,38,Mass Customer,Yes,6,NSW,4,0.96,1.2,1.2,1.02,994,994,0.3825,62.0
994,Female,15,Mass Customer,No,3,VIC,12,0.52,0.52,0.65,0.5525,994,994,0.3825,31.0
995,Male,60,Affluent Customer,No,9,NSW,7,0.56,0.56,0.56,0.56,996,996,0.374,62.0
996,Male,22,Mass Customer,No,6,NSW,10,0.88,0.88,1.1,0.935,997,997,0.357,20.0
997,Female,17,Affluent Customer,Yes,15,QLD,2,0.81,1.0125000000000002,1.0125000000000002,1.0125000000000002,997,997,0.357,67.0
998,Male,30,Mass Customer,Yes,19,QLD,2,0.69,0.8624999999999999,0.8624999999999999,0.7331249999999999,997,997,0.357,69.0
999,Male,56,Mass Customer,Yes,14,NSW,9,0.93,1.1625,1.453125,1.23515625,1000,1000,0.34,66.0
